,AdaptivityLevel,Boy,Girl,1-5,11-15,16-20,21-25,26-30,6-10,College,School,University,Government,Non Government,IT_No,IT_Yes,Locat_No,Locat_Yes,Shed_High,Shed_Low,Fin_Mid,Fin_Poor,Fin_Rich,Mobile Data,Wifi,NET_2G,NET_3G,NET_4G,Durat_0,Durat_1-3,Durat_3-6,LMS_No,LMS_Yes,Computer,Mobile,Tab
0,1,1,0,0,0,0,1,0,0,0,0,1,0,1,1,0,0,1,0,1,1,0,0,0,1,0,0,1,0,0,1,1,0,0,0,1
1,1,0,1,0,0,0,1,0,0,0,0,1,0,1,1,0,0,1,1,0,1,0,0,1,0,0,0,1,0,1,0,0,1,0,1,0
2,1,0,1,0,0,1,0,0,0,1,0,0,1,0,1,0,0,1,0,1,1,0,0,0,1,0,0,1,0,1,0,1,0,0,1,0
3,1,0,1,0,1,0,0,0,0,0,1,0,0,1,1,0,0,1,0,1,1,0,0,1,0,0,0,1,0,1,0,1,0,0,1,0
4,0,0,1,0,0,1,0,0,0,0,1,0,0,1,1,0,0,1,0,1,0,1,0,1,0,0,1,0,1,0,0,1,0,0,1,0
5,0,1,0,0,1,0,0,0,0,0,1,0,0,1,1,0,0,1,0,1,0,1,0,1,0,0,1,0,0,1,0,1,0,0,1,0
6,0,1,0,0,1,0,0,0,0,0,1,0,0,1,1,0,0,1,0,1,1,0,0,0,1,0,0,1,1,0,0,1,0,0,1,0
7,1,1,0,0,1,0,0,0,0,0,1,0,0,1,1,0,0,1,0,1,1,0,0,0,1,0,0,1,0,1,0,1,0,0,1,0
8,0,1,0,0,0,1,0,0,0,1,0,0,1,0,1,0,0,1,0,1,1,0,0,0,1,0,0,1,0,1,0,1,0,0,1,0
9,1,1,0,0,1,0,0,0,0,0,1,0,0,1,1,0,0,1,0,1,1,0,0,1,0,0,1,0,0,1,0,1,0,0,1,0
10,0,0,1,0,0,1,0,0,0,0,0,1,1,0,1,0,0,1,0,1,1,0,0,0,1,0,0,1,0,1,0,1,0,0,1,0
11,0,0,1,0,0,1,0,0,0,1,0,0,0,1,1,0,0,1,0,1,1,0,0,0,1,0,0,1,0,1,0,1,0,0,1,0
12,1,1,0,0,1,0,0,0,0,0,1,0,0,1,0,1,0,1,0,1,1,0,0,1,0,0,1,0,0,1,0,1,0,0,1,0
13,0,0,1,0,0,1,0,0,0,1,0,0,0,1,1,0,1,0,0,1,1,0,0,0,1,0,0,1,0,1,0,1,0,0,1,0
14,1,0,1,0,1,0,0,0,0,0,1,0,0,1,1,0,0,1,0,1,0,1,0,1,0,0,1,0,0,1,0,1,0,0,1,0
15,0,1,0,0,1,0,0,0,0,0,1,0,0,1,1,0,0,1,1,0,0,1,0,0,1,0,0,1,0,1,0,1,0,0,1,0
16,0,0,1,0,0,0,0,1,0,0,0,1,1,0,0,1,0,1,0,1,0,1,0,1,0,0,0,1,1,0,0,1,0,1,0,0
17,0,0,1,0,0,0,1,0,0,0,0,1,1,0,1,0,1,0,0,1,1,0,0,0,1,0,0,1,0,1,0,1,0,0,1,0
18,0,0,1,0,0,1,0,0,0,1,0,0,0,1,1,0,0,1,1,0,1,0,0,0,1,0,0,1,0,1,0,1,0,0,1,0
19,1,0,1,0,0,1,0,0,0,1,0,0,0,1,1,0,0,1,1,0,1,0,0,0,1,0,0,1,0,0,1,1,0,0,1,0
20,2,0,1,0,0,0,0,0,1,0,1,0,0,1,1,0,0,1,0,1,0,0,1,0,1,0,0,1,0,1,0,1,0,0,1,0
21,0,1,0,0,0,0,0,0,1,0,1,0,1,0,1,0,0,1,0,1,1,0,0,1,0,0,0,1,1,0,0,1,0,0,1,0
22,0,0,1,0,0,1,0,0,0,1,0,0,0,1,1,0,1,0,0,1,1,0,0,1,0,0,1,0,0,0,1,0,1,0,1,0
23,1,0,1,0,1,0,0,0,0,0,1,0,0,1,1,0,0,1,0,1,1,0,0,1,0,0,1,0,0,1,0,1,0,0,1,0
24,1,1,0,0,0,1,0,0,0,1,0,0,1,0,1,0,0,1,0,1,1,0,0,0,1,0,0,1,0,0,1,1,0,0,1,0
25,1,1,0,0,1,0,0,0,0,0,1,0,0,1,1,0,0,1,0,1,1,0,0,1,0,0,0,1,0,1,0,1,0,0,1,0
26,1,0,1,1,0,0,0,0,0,0,1,0,0,1,1,0,0,1,0,1,1,0,0,1,0,0,0,1,0,1,0,1,0,0,1,0
27,1,1,0,0,0,0,0,1,0,0,0,1,0,1,0,1,0,1,0,1,1,0,0,0,1,0,0,1,0,0,1,1,0,1,0,0
28,1,0,1,1,0,0,0,0,0,0,1,0,0,1,1,0,0,1,0,1,1,0,0,1,0,0,0,1,0,1,0,1,0,0,1,0
29,1,0,1,0,0,1,0,0,0,1,0,0,0,1,1,0,0,1,1,0,1,0,0,0,1,0,0,1,0,0,1,1,0,0,1,0
30,1,0,1,0,0,0,0,0,1,0,1,0,0,1,1,0,0,1,0,1,1,0,0,1,0,0,1,0,0,1,0,1,0,0,1,0
31,0,0,1,0,0,1,0,0,0,1,0,0,0,1,1,0,1,0,0,1,1,0,0,1,0,0,0,1,0,1,0,1,0,0,1,0
32,1,1,0,0,0,0,1,0,0,0,0,1,0,1,0,1,0,1,0,1,1,0,0,1,0,0,0,1,0,1,0,1,0,0,1,0
33,1,0,1,0,0,1,0,0,0,1,0,0,0,1,1,0,0,1,0,1,1,0,0,0,1,0,0,1,0,1,0,1,0,0,1,0
34,0,1,0,0,1,0,0,0,0,0,1,0,0,1,1,0,0,1,0,1,0,1,0,1,0,0,1,0,0,1,0,1,0,0,1,0
35,1,0,1,0,0,0,1,0,0,0,0,1,0,1,0,1,0,1,0,1,1,0,0,0,1,0,1,0,0,0,1,0,1,0,1,0
36,1,0,1,0,0,0,1,0,0,1,0,0,1,0,0,1,0,1,0,1,1,0,0,1,0,0,0,1,0,1,0,1,0,0,1,0
37,2,0,1,0,0,0,0,0,1,0,1,0,0,1,1,0,0,1,0,1,0,1,0,1,0,0,1,0,0,1,0,1,0,0,1,0
38,0,0,1,0,0,0,0,1,0,0,0,1,1,0,1,0,1,0,0,1,0,1,0,1,0,0,0,1,0,1,0,1,0,0,1,0
39,0,0,1,0,1,0,0,0,0,0,1,0,1,0,1,0,0,1,0,1,1,0,0,0,1,0,1,0,0,1,0,1,0,0,1,0
40,1,1,0,0,0,0,1,0,0,0,0,1,0,1,1,0,0,1,0,1,1,0,0,0,1,0,0,1,0,0,1,0,1,1,0,0
41,1,0,1,0,0,0,1,0,0,0,0,1,0,1,0,1,0,1,0,1,1,0,0,0,1,0,0,1,0,1,0,0,1,0,1,0
42,0,0,1,0,0,1,0,0,0,0,1,0,0,1,1,0,0,1,0,1,0,1,0,1,0,0,1,0,1,0,0,1,0,0,1,0
43,1,1,0,0,1,0,0,0,0,0,1,0,0,1,1,0,0,1,0,1,1,0,0,1,0,0,0,1,0,1,0,1,0,0,1,0
44,0,1,0,0,0,0,1,0,0,0,0,1,0,1,0,1,0,1,0,1,1,0,0,0,1,0,1,0,0,0,1,0,1,1,0,0
45,1,1,0,0,0,0,1,0,0,0,0,1,0,1,0,1,0,1,0,1,1,0,0,0,1,0,0,1,0,1,0,1,0,1,0,0
46,1,0,1,1,0,0,0,0,0,0,1,0,0,1,1,0,0,1,0,1,0,1,0,1,0,0,0,1,0,1,0,1,0,0,1,0
47,1,0,1,0,1,0,0,0,0,0,1,0,0,1,1,0,0,1,0,1,1,0,0,1,0,0,1,0,0,1,0,1,0,0,1,0
48,1,1,0,0,1,0,0,0,0,0,1,0,0,1,1,0,0,1,0,1,1,0,0,1,0,0,0,1,0,1,0,1,0,0,1,0
49,0,1,0,0,0,0,1,0,0,0,0,1,0,1,0,1,0,1,0,1,1,0,0,0,1,0,1,0,0,0,1,0,1,1,0,0
50,0,1,0,0,0,1,0,0,0,1,0,0,1,0,1,0,0,1,0,1,1,0,0,0,1,0,0,1,0,1,0,1,0,0,1,0
51,1,0,1,0,1,0,0,0,0,0,1,0,0,1,1,0,0,1,0,1,1,0,0,1,0,0,0,1,0,1,0,1,0,0,1,0
52,1,1,0,0,0,0,1,0,0,0,0,1,0,1,0,1,0,1,1,0,1,0,0,1,0,0,1,0,0,0,1,0,1,0,1,0
53,1,1,0,0,0,0,0,1,0,0,0,1,1,0,0,1,1,0,0,1,0,1,0,1,0,0,0,1,0,1,0,1,0,0,1,0
54,0,1,0,1,0,0,0,0,0,0,1,0,0,1,1,0,0,1,0,1,0,1,0,1,0,0,0,1,0,1,0,1,0,0,1,0
55,1,0,1,1,0,0,0,0,0,0,1,0,0,1,1,0,0,1,0,1,1,0,0,1,0,0,0,1,0,1,0,1,0,0,1,0
56,0,1,0,0,0,0,1,0,0,0,0,1,1,0,1,0,0,1,0,1,1,0,0,1,0,0,0,1,1,0,0,1,0,0,1,0
57,0,0,1,0,0,1,0,0,0,0,0,1,0,1,0,1,0,1,0,1,1,0,0,1,0,0,1,0,0,1,0,1,0,0,1,0
58,0,0,1,0,1,0,0,0,0,0,1,0,0,1,1,0,1,0,1,0,1,0,0,1,0,0,1,0,1,0,0,1,0,0,1,0
59,0,1,0,0,0,1,0,0,0,0,1,0,1,0,1,0,1,0,0,1,0,1,0,1,0,0,1,0,1,0,0,1,0,0,1,0
60,1,1,0,0,0,0,1,0,0,0,0,1,0,1,1,0,0,1,0,1,1,0,0,0,1,0,0,1,0,0,1,1,0,0,1,0
61,0,1,0,0,0,0,1,0,0,1,0,0,1,0,1,0,1,0,0,1,1,0,0,1,0,0,0,1,1,0,0,1,0,0,1,0
62,1,0,1,0,0,1,0,0,0,1,0,0,0,1,1,0,0,1,0,1,1,0,0,1,0,0,1,0,0,1,0,0,1,0,1,0
63,1,1,0,0,1,0,0,0,0,0,1,0,0,1,0,1,0,1,0,1,1,0,0,1,0,0,0,1,0,1,0,1,0,0,1,0
64,0,1,0,0,1,0,0,0,0,0,1,0,0,1,1,0,0,1,1,0,0,1,0,0,1,0,0,1,0,1,0,1,0,0,1,0
65,2,1,0,0,0,0,0,1,0,0,0,1,1,0,1,0,1,0,0,1,1,0,0,1,0,0,0,1,0,1,0,1,0,0,1,0
66,1,1,0,0,1,0,0,0,0,0,1,0,0,1,1,0,0,1,0,1,1,0,0,1,0,0,1,0,0,1,0,1,0,0,1,0
67,0,0,1,0,0,0,0,0,1,0,1,0,1,0,1,0,1,0,0,1,1,0,0,1,0,0,1,0,1,0,0,1,0,0,1,0
68,0,0,1,0,1,0,0,0,0,0,1,0,1,0,1,0,0,1,0,1,1,0,0,0,1,0,0,1,0,1,0,1,0,0,1,0
69,1,1,0,0,1,0,0,0,0,0,1,0,0,1,0,1,0,1,0,1,1,0,0,1,0,0,0,1,0,1,0,1,0,0,1,0
70,0,1,0,0,0,0,1,0,0,1,0,0,1,0,1,0,1,0,1,0,0,1,0,1,0,0,1,0,0,1,0,0,1,0,1,0
71,0,0,1,0,0,1,0,0,0,1,0,0,1,0,1,0,1,0,0,1,1,0,0,1,0,0,0,1,1,0,0,1,0,0,1,0
72,0,1,0,0,0,0,1,0,0,0,0,1,1,0,1,0,0,1,0,1,1,0,0,1,0,0,0,1,1,0,0,1,0,0,1,0
73,0,0,1,0,1,0,0,0,0,0,1,0,0,1,1,0,0,1,0,1,0,1,0,1,0,0,1,0,0,1,0,1,0,0,1,0
74,1,1,0,0,1,0,0,0,0,0,1,0,0,1,0,1,0,1,0,1,1,0,0,1,0,0,0,1,0,1,0,1,0,0,1,0
75,0,0,1,0,0,0,0,0,1,0,1,0,0,1,1,0,0,1,0,1,1,0,0,1,0,1,0,0,0,1,0,1,0,0,1,0
76,1,0,1,0,0,1,0,0,0,1,0,0,0,1,1,0,0,1,0,1,1,0,0,1,0,0,1,0,0,1,0,0,1,0,1,0
77,0,0,1,0,0,0,1,0,0,1,0,0,1,0,1,0,1,0,1,0,1,0,0,1,0,0,0,1,1,0,0,1,0,0,1,0
78,1,0,1,0,1,0,0,0,0,0,1,0,0,1,1,0,0,1,0,1,1,0,0,1,0,0,0,1,0,0,1,1,0,0,1,0
79,1,1,0,0,1,0,0,0,0,0,1,0,0,1,1,0,0,1,0,1,1,0,0,1,0,0,0,1,0,1,0,1,0,0,1,0
80,0,1,0,0,1,0,0,0,0,0,1,0,0,1,1,0,0,1,0,1,0,1,0,1,0,0,1,0,0,1,0,1,0,0,1,0
81,1,0,1,0,1,0,0,0,0,0,1,0,0,1,1,0,0,1,0,1,1,0,0,1,0,0,0,1,0,0,1,1,0,0,1,0
82,1,1,0,0,0,0,1,0,0,0,0,1,0,1,0,1,0,1,0,1,1,0,0,0,1,0,0,1,0,1,0,1,0,1,0,0
83,0,0,1,0,1,0,0,0,0,0,1,0,1,0,1,0,1,0,0,1,1,0,0,1,0,0,1,0,1,0,0,1,0,0,1,0
84,1,0,1,1,0,0,0,0,0,0,1,0,0,1,1,0,0,1,0,1,0,1,0,1,0,0,0,1,0,1,0,1,0,0,1,0
85,1,1,0,0,1,0,0,0,0,0,1,0,0,1,1,0,0,1,0,1,1,0,0,1,0,0,1,0,0,1,0,1,0,0,1,0
86,2,1,0,0,1,0,0,0,0,0,1,0,0,1,1,0,0,1,0,1,1,0,0,1,0,0,0,1,0,1,0,1,0,0,1,0
87,1,0,1,0,0,0,1,0,0,0,0,1,0,1,0,1,0,1,0,1,1,0,0,0,1,0,0,1,0,1,0,0,1,0,1,0
88,1,1,0,0,1,0,0,0,0,0,1,0,0,1,1,0,0,1,1,0,1,0,0,0,1,0,0,1,0,1,0,1,0,0,1,0
89,0,1,0,0,0,0,0,1,0,0,0,1,1,0,1,0,1,0,0,1,0,1,0,1,0,0,0,1,1,0,0,1,0,0,1,0
90,1,1,0,0,0,0,1,0,0,0,0,1,0,1,1,0,1,0,0,1,1,0,0,1,0,0,0,1,0,1,0,1,0,0,1,0
91,1,1,0,0,0,0,1,0,0,0,0,1,0,1,0,1,0,1,0,1,1,0,0,0,1,0,0,1,0,0,1,0,1,1,0,0
92,1,1,0,0,0,0,1,0,0,0,0,1,0,1,0,1,0,1,0,1,1,0,0,0,1,0,1,0,0,0,1,0,1,1,0,0
93,0,1,0,0,0,0,1,0,0,0,0,1,0,1,0,1,0,1,1,0,0,1,0,1,0,0,1,0,0,1,0,0,1,0,1,0
94,1,0,1,1,0,0,0,0,0,0,1,0,0,1,1,0,0,1,0,1,0,1,0,1,0,0,0,1,0,1,0,1,0,0,1,0
95,1,0,1,0,0,1,0,0,0,0,0,1,0,1,0,1,0,1,0,1,1,0,0,0,1,0,0,1,0,1,0,1,0,1,0,0
96,1,1,0,0,1,0,0,0,0,0,1,0,0,1,1,0,0,1,0,1,1,0,0,1,0,0,0,1,0,1,0,1,0,0,1,0
97,0,0,1,0,1,0,0,0,0,0,1,0,1,0,1,0,1,0,1,0,0,1,0,1,0,1,0,0,0,1,0,1,0,0,1,0
98,1,1,0,0,0,0,1,0,0,0,0,1,0,1,0,1,0,1,0,1,1,0,0,0,1,0,0,1,0,1,0,0,1,0,1,0
99,0,1,0,0,0,1,0,0,0,1,0,0,1,0,1,0,0,1,0,1,1,0,0,0,1,0,0,1,0,1,0,1,0,0,1,0
100,0,1,0,0,1,0,0,0,0,0,1,0,0,1,1,0,0,1,0,1,1,0,0,0,1,0,0,1,1,0,0,1,0,0,1,0
101,1,0,1,0,1,0,0,0,0,0,1,0,0,1,1,0,0,1,0,1,1,0,0,0,1,0,0,1,0,1,0,1,0,1,0,0
102,0,0,1,0,0,1,0,0,0,1,0,0,0,1,1,0,1,0,1,0,1,0,0,1,0,0,1,0,1,0,0,1,0,0,1,0
103,1,1,0,0,1,0,0,0,0,0,1,0,0,1,0,1,0,1,0,1,1,0,0,1,0,0,0,1,0,1,0,1,0,0,1,0
104,1,0,1,1,0,0,0,0,0,0,1,0,0,1,1,0,0,1,0,1,0,1,0,0,1,0,0,1,0,1,0,1,0,0,1,0
105,1,1,0,0,1,0,0,0,0,0,1,0,1,0,1,0,0,1,0,1,1,0,0,0,1,0,0,1,0,1,0,1,0,1,0,0
106,1,0,1,0,1,0,0,0,0,0,1,0,0,1,1,0,0,1,0,1,1,0,0,1,0,0,1,0,0,1,0,1,0,0,1,0
107,1,0,1,0,1,0,0,0,0,0,1,0,0,1,1,0,0,1,0,1,1,0,0,0,1,0,0,1,0,1,0,1,0,1,0,0
108,1,1,0,0,0,0,1,0,0,0,0,1,0,1,1,0,0,1,0,1,1,0,0,0,1,0,0,1,0,0,1,1,0,0,0,1
109,2,0,1,0,0,0,1,0,0,0,0,1,0,1,1,0,0,1,0,1,1,0,0,0,1,0,1,0,0,1,0,0,1,0,1,0
110,0,1,0,0,0,0,0,0,1,0,1,0,1,0,1,0,0,1,0,1,1,0,0,1,0,0,0,1,1,0,0,1,0,0,1,0
111,0,0,1,0,0,1,0,0,0,1,0,0,0,1,1,0,0,1,0,1,1,0,0,0,1,0,0,1,0,1,0,1,0,0,1,0
112,0,1,0,0,1,0,0,0,0,0,1,0,1,0,1,0,1,0,0,1,1,0,0,1,0,0,1,0,1,0,0,1,0,0,1,0
113,1,1,0,0,0,0,1,0,0,0,0,1,0,1,0,1,0,1,1,0,0,1,0,1,0,0,1,0,0,1,0,0,1,0,1,0
114,1,0,1,0,0,1,0,0,0,1,0,0,0,1,1,0,0,1,0,1,1,0,0,0,1,0,0,1,0,0,1,1,0,0,1,0
115,1,1,0,0,0,0,1,0,0,0,0,1,0,1,1,0,0,1,0,1,1,0,0,0,1,0,0,1,0,0,1,0,1,1,0,0
116,0,1,0,0,0,0,0,1,0,0,0,1,1,0,0,1,0,1,0,1,1,0,0,0,1,0,0,1,1,0,0,1,0,1,0,0
117,0,1,0,0,0,0,1,0,0,0,0,1,0,1,0,1,0,1,1,0,1,0,0,0,1,0,0,1,0,0,1,0,1,1,0,0
118,1,1,0,0,0,1,0,0,0,1,0,0,1,0,1,0,1,0,1,0,0,1,0,1,0,0,1,0,0,1,0,1,0,0,1,0
119,1,0,1,0,0,0,1,0,0,0,0,1,0,1,0,1,1,0,0,1,1,0,0,1,0,0,1,0,0,1,0,0,1,0,1,0
120,1,0,1,0,0,1,0,0,0,1,0,0,0,1,1,0,0,1,1,0,1,0,0,0,1,0,0,1,0,0,1,1,0,1,0,0
121,0,0,1,0,0,1,0,0,0,0,1,0,0,1,1,0,0,1,0,1,1,0,0,0,1,0,0,1,0,1,0,1,0,0,1,0
122,1,1,0,0,1,0,0,0,0,0,1,0,0,1,1,0,0,1,0,1,1,0,0,1,0,0,0,1,0,1,0,1,0,0,1,0
123,1,1,0,0,1,0,0,0,0,0,1,0,0,1,1,0,0,1,0,1,1,0,0,1,0,0,1,0,0,1,0,1,0,0,1,0
124,1,0,1,0,0,1,0,0,0,0,0,1,0,1,0,1,0,1,0,1,1,0,0,0,1,0,0,1,0,1,0,0,1,1,0,0
125,0,0,1,0,1,0,0,0,0,0,1,0,0,1,1,0,0,1,0,1,0,1,0,1,0,0,1,0,0,1,0,1,0,0,1,0
126,0,0,1,0,0,0,1,0,0,0,0,1,1,0,1,0,0,1,0,1,1,0,0,1,0,0,0,1,0,1,0,1,0,0,1,0
127,1,1,0,0,0,1,0,0,0,1,0,0,1,0,1,0,0,1,0,1,1,0,0,0,1,0,0,1,0,0,1,1,0,0,1,0
128,0,0,1,0,1,0,0,0,0,0,1,0,1,0,1,0,0,1,0,1,1,0,0,0,1,0,0,1,0,1,0,1,0,0,1,0
129,2,1,0,0,0,0,1,0,0,0,0,1,0,1,0,1,0,1,0,1,0,0,1,0,1,0,0,1,0,1,0,0,1,1,0,0
130,1,0,1,0,0,0,1,0,0,0,0,1,0,1,0,1,0,1,0,1,1,0,0,0,1,0,1,0,0,0,1,0,1,0,1,0
131,0,1,0,0,0,0,1,0,0,0,0,1,1,0,0,1,1,0,1,0,1,0,0,1,0,0,1,0,0,1,0,1,0,0,1,0
132,2,1,0,0,0,0,1,0,0,0,0,1,0,1,0,1,1,0,1,0,1,0,0,1,0,0,1,0,0,0,1,0,1,0,1,0
133,0,1,0,0,0,1,0,0,0,1,0,0,1,0,1,0,0,1,0,1,0,1,0,1,0,0,0,1,0,1,0,1,0,0,1,0
134,1,1,0,0,0,0,1,0,0,0,0,1,0,1,0,1,0,1,1,0,1,0,0,1,0,0,1,0,0,0,1,0,1,0,1,0
135,0,1,0,0,0,0,1,0,0,0,0,1,1,0,0,1,0,1,0,1,1,0,0,0,1,0,0,1,0,0,1,1,0,1,0,0
136,0,0,1,0,0,1,0,0,0,0,1,0,0,1,1,0,0,1,0,1,0,1,0,1,0,0,1,0,1,0,0,1,0,0,1,0
137,1,0,1,0,0,0,1,0,0,0,0,1,0,1,1,0,0,1,0,1,1,0,0,1,0,0,0,1,0,1,0,1,0,0,1,0
138,1,0,1,1,0,0,0,0,0,0,1,0,0,1,1,0,0,1,0,1,0,1,0,1,0,0,0,1,0,1,0,1,0,0,1,0
139,1,0,1,0,1,0,0,0,0,0,1,0,0,1,1,0,0,1,0,1,1,0,0,1,0,0,0,1,0,1,0,1,0,0,1,0
140,0,0,1,0,1,0,0,0,0,0,1,0,0,1,1,0,0,1,0,1,0,1,0,1,0,0,1,0,0,1,0,1,0,0,1,0
141,1,1,0,0,0,0,1,0,0,0,0,1,0,1,0,1,0,1,1,0,1,0,0,1,0,0,1,0,0,0,1,0,1,0,1,0
142,1,0,1,0,1,0,0,0,0,0,1,0,0,1,0,1,0,1,0,1,1,0,0,1,0,0,1,0,0,1,0,1,0,0,1,0
143,1,0,1,0,0,1,0,0,0,1,0,0,0,1,1,0,1,0,0,1,1,0,0,1,0,0,1,0,0,1,0,1,0,0,1,0
144,0,1,0,0,0,0,1,0,0,0,0,1,1,0,1,0,1,0,0,1,0,1,0,1,0,0,1,0,0,1,0,1,0,0,1,0
145,1,1,0,0,0,0,1,0,0,0,0,1,0,1,1,0,0,1,0,1,1,0,0,0,1,0,0,1,0,0,1,1,0,1,0,0
146,1,1,0,0,0,0,1,0,0,0,0,1,0,1,0,1,0,1,1,0,0,1,0,0,1,0,1,0,0,0,1,1,0,1,0,0
147,0,1,0,0,1,0,0,0,0,0,1,0,0,1,1,0,0,1,0,1,1,0,0,0,1,0,0,1,1,0,0,1,0,0,1,0
148,0,0,1,0,0,0,1,0,0,0,0,1,0,1,1,0,0,1,1,0,0,1,0,0,1,0,0,1,0,0,1,1,0,0,1,0
149,0,0,1,0,0,0,1,0,0,0,0,1,1,0,1,0,1,0,0,1,1,0,0,1,0,1,0,0,0,1,0,1,0,0,1,0
150,1,0,1,1,0,0,0,0,0,0,1,0,0,1,1,0,0,1,0,1,0,1,0,1,0,0,0,1,0,1,0,1,0,0,1,0
151,0,1,0,0,0,1,0,0,0,1,0,0,1,0,1,0,1,0,0,1,1,0,0,0,1,0,0,1,0,1,0,1,0,0,1,0
152,2,1,0,0,1,0,0,0,0,0,1,0,0,1,1,0,0,1,0,1,0,0,1,1,0,0,0,1,0,1,0,1,0,0,1,0
153,1,1,0,0,0,0,0,0,1,0,1,0,0,1,1,0,0,1,0,1,0,0,1,0,1,0,0,1,0,1,0,1,0,0,1,0
154,0,1,0,0,0,0,1,0,0,0,0,1,0,1,0,1,0,1,0,1,1,0,0,0,1,0,0,1,0,0,1,1,0,1,0,0
155,0,1,0,0,0,0,1,0,0,0,0,1,1,0,0,1,0,1,0,1,1,0,0,1,0,0,1,0,0,1,0,1,0,1,0,0
156,0,1,0,1,0,0,0,0,0,0,1,0,0,1,1,0,0,1,0,1,0,1,0,1,0,0,0,1,0,1,0,1,0,0,1,0
157,2,1,0,0,0,0,0,1,0,0,0,1,1,0,0,1,0,1,0,1,0,0,1,0,1,0,0,1,0,1,0,1,0,1,0,0
158,1,0,1,1,0,0,0,0,0,0,1,0,0,1,1,0,0,1,0,1,1,0,0,1,0,0,0,1,0,1,0,1,0,0,1,0
159,1,1,0,0,0,0,1,0,0,0,0,1,0,1,0,1,0,1,1,0,1,0,0,1,0,0,1,0,0,1,0,0,1,1,0,0
160,0,1,0,0,0,0,1,0,0,0,0,1,0,1,0,1,0,1,0,1,1,0,0,0,1,0,1,0,0,1,0,0,1,0,1,0
161,2,1,0,0,0,0,1,0,0,0,0,1,0,1,0,1,1,0,1,0,1,0,0,1,0,0,1,0,0,0,1,0,1,0,1,0
162,1,1,0,0,0,1,0,0,0,0,0,1,1,0,1,0,1,0,0,1,0,1,0,1,0,0,0,1,0,1,0,1,0,0,1,0
163,0,1,0,0,0,0,0,0,1,0,1,0,1,0,1,0,1,0,0,1,1,0,0,1,0,0,1,0,1,0,0,1,0,0,1,0
164,0,0,1,0,0,1,0,0,0,1,0,0,1,0,1,0,1,0,1,0,0,1,0,1,0,0,0,1,1,0,0,1,0,0,1,0
165,1,0,1,0,1,0,0,0,0,0,1,0,0,1,1,0,0,1,0,1,1,0,0,1,0,0,0,1,0,1,0,1,0,0,1,0
166,0,1,0,0,0,0,1,0,0,1,0,0,1,0,1,0,1,0,1,0,0,1,0,1,0,0,1,0,0,1,0,0,1,0,1,0
167,2,1,0,0,0,0,0,1,0,0,0,1,1,0,1,0,1,0,0,1,1,0,0,1,0,0,0,1,0,1,0,1,0,0,1,0
168,1,0,1,0,1,0,0,0,0,0,1,0,0,1,1,0,0,1,0,1,1,0,0,1,0,0,0,1,0,1,0,1,0,0,1,0
169,0,1,0,0,0,1,0,0,0,1,0,0,1,0,0,1,0,1,0,1,1,0,0,1,0,0,0,1,0,1,0,0,1,0,1,0
170,1,1,0,0,0,0,1,0,0,0,0,1,0,1,0,1,0,1,0,1,1,0,0,0,1,0,1,0,0,1,0,0,1,1,0,0
171,0,0,1,0,0,0,0,1,0,0,0,1,1,0,1,0,0,1,0,1,1,0,0,0,1,0,0,1,0,1,0,1,0,0,1,0
172,0,0,1,0,0,1,0,0,0,1,0,0,0,1,1,0,0,1,1,0,1,0,0,0,1,0,0,1,0,1,0,1,0,0,1,0
173,2,1,0,0,0,0,1,0,0,0,0,1,0,1,0,1,0,1,0,1,0,0,1,0,1,0,0,1,0,1,0,0,1,1,0,0
174,1,1,0,0,1,0,0,0,0,0,1,0,1,0,1,0,0,1,0,1,1,0,0,1,0,0,0,1,0,1,0,1,0,0,1,0
175,0,1,0,0,0,0,1,0,0,0,0,1,0,1,0,1,0,1,0,1,1,0,0,0,1,0,0,1,0,0,1,1,0,1,0,0
176,1,0,1,0,1,0,0,0,0,0,1,0,0,1,1,0,0,1,0,1,0,1,0,0,1,0,1,0,0,1,0,1,0,0,1,0
177,0,1,0,0,0,1,0,0,0,1,0,0,1,0,0,1,0,1,0,1,1,0,0,1,0,0,0,1,0,1,0,0,1,0,1,0
178,0,0,1,0,0,1,0,0,0,0,0,1,0,1,0,1,0,1,0,1,1,0,0,1,0,0,1,0,0,1,0,1,0,0,1,0
179,0,0,1,0,0,1,0,0,0,0,1,0,0,1,1,0,0,1,0,1,0,1,0,1,0,0,1,0,1,0,0,1,0,0,1,0
180,1,1,0,0,1,0,0,0,0,0,1,0,1,0,1,0,0,1,0,1,1,0,0,0,1,0,0,1,0,1,0,1,0,1,0,0
181,0,1,0,1,0,0,0,0,0,0,1,0,0,1,1,0,0,1,0,1,1,0,0,0,1,0,0,1,0,1,0,1,0,0,1,0
182,1,0,1,1,0,0,0,0,0,0,1,0,0,1,1,0,0,1,0,1,1,0,0,0,1,0,0,1,0,1,0,1,0,0,1,0
183,1,0,1,0,0,0,1,0,0,0,0,1,0,1,1,0,0,1,0,1,0,0,1,0,1,0,0,1,0,0,1,1,0,1,0,0
184,0,0,1,0,0,1,0,0,0,1,0,0,0,1,1,0,0,1,0,1,1,0,0,0,1,0,0,1,0,1,0,1,0,0,1,0
185,0,1,0,0,1,0,0,0,0,0,1,0,0,1,1,0,0,1,0,1,0,1,0,1,0,0,1,0,0,1,0,1,0,0,1,0
186,1,0,1,0,1,0,0,0,0,0,1,0,0,1,0,1,0,1,0,1,1,0,0,1,0,0,1,0,0,1,0,1,0,0,1,0
187,0,0,1,0,0,0,1,0,0,0,0,1,1,0,1,0,0,1,0,1,1,0,0,1,0,0,0,1,0,1,0,1,0,0,1,0
188,1,1,0,0,1,0,0,0,0,0,1,0,0,1,1,0,0,1,0,1,1,0,0,1,0,0,0,1,0,1,0,1,0,0,1,0
189,1,1,0,0,0,0,1,0,0,0,0,1,0,1,1,0,0,1,0,1,1,0,0,0,1,0,0,1,0,0,1,1,0,0,0,1
190,0,1,0,0,1,0,0,0,0,0,1,0,0,1,1,0,0,1,1,0,0,1,0,0,1,0,0,1,0,1,0,1,0,0,1,0
191,1,1,0,0,0,0,1,0,0,0,0,1,0,1,0,1,0,1,1,0,1,0,0,1,0,0,1,0,0,0,1,0,1,0,1,0
192,1,1,0,0,0,0,1,0,0,0,0,1,0,1,0,1,0,1,1,0,1,0,0,1,0,0,1,0,0,0,1,0,1,0,1,0
193,0,1,0,0,0,1,0,0,0,0,1,0,1,0,1,0,1,0,0,1,0,1,0,1,0,0,1,0,1,0,0,1,0,0,1,0
194,0,0,1,0,0,1,0,0,0,1,0,0,1,0,1,0,1,0,0,1,1,0,0,1,0,0,0,1,1,0,0,1,0,0,1,0
195,0,1,0,0,0,0,1,0,0,0,0,1,0,1,0,1,0,1,0,1,1,0,0,0,1,0,1,0,0,1,0,0,1,0,1,0
196,0,1,0,0,0,1,0,0,0,1,0,0,1,0,1,0,0,1,0,1,0,1,0,1,0,0,0,1,0,1,0,1,0,0,1,0
197,1,1,0,0,1,0,0,0,0,0,1,0,0,1,0,1,0,1,0,1,0,1,0,1,0,0,0,1,0,1,0,1,0,0,1,0
198,1,1,0,0,1,0,0,0,0,0,1,0,0,1,1,0,0,1,0,1,1,0,0,1,0,0,1,0,0,1,0,1,0,0,1,0
199,0,0,1,0,1,0,0,0,0,0,1,0,1,0,1,0,0,1,0,1,1,0,0,0,1,0,1,0,0,1,0,1,0,0,1,0
200,0,1,0,0,0,0,0,0,1,0,1,0,1,0,1,0,0,1,0,1,1,0,0,1,0,0,0,1,1,0,0,1,0,0,1,0
201,0,1,0,0,1,0,0,0,0,0,1,0,0,1,1,0,0,1,0,1,0,1,0,1,0,0,1,0,0,1,0,1,0,0,1,0
202,0,1,0,0,1,0,0,0,0,0,1,0,0,1,1,0,0,1,0,1,0,1,0,1,0,0,1,0,0,1,0,1,0,0,1,0
203,1,1,0,0,0,0,1,0,0,0,0,1,0,1,0,1,0,1,0,1,1,0,0,0,1,0,0,1,0,1,0,0,1,0,1,0
204,0,1,0,0,1,0,0,0,0,0,1,0,0,1,1,0,0,1,0,1,0,1,0,1,0,0,1,0,0,1,0,1,0,0,1,0
205,2,1,0,0,1,0,0,0,0,0,1,0,1,0,1,0,0,1,0,1,1,0,0,0,1,0,0,1,0,1,0,1,0,0,1,0
206,1,1,0,0,0,0,0,1,0,0,0,1,0,1,0,1,0,1,0,1,1,0,0,0,1,0,0,1,0,0,1,1,0,1,0,0
207,0,1,0,0,1,0,0,0,0,0,1,0,0,1,1,0,0,1,0,1,0,1,0,1,0,0,1,0,0,1,0,1,0,0,1,0
208,0,0,1,0,0,0,0,1,0,0,0,1,1,0,1,0,0,1,0,1,1,0,0,0,1,0,0,1,0,1,0,1,0,0,1,0
209,0,0,1,0,0,0,1,0,0,0,0,1,0,1,0,1,0,1,1,0,1,0,0,0,1,0,1,0,0,0,1,0,1,0,1,0
210,0,0,1,0,1,0,0,0,0,0,1,0,1,0,1,0,1,0,1,0,0,1,0,1,0,1,0,0,0,1,0,1,0,0,1,0
211,2,0,1,0,0,1,0,0,0,0,1,0,1,0,1,0,1,0,0,1,0,0,1,1,0,0,0,1,0,1,0,1,0,0,1,0
212,0,0,1,0,0,1,0,0,0,1,0,0,1,0,1,0,1,0,1,0,1,0,0,1,0,0,1,0,0,1,0,1,0,0,1,0
213,1,0,1,0,0,1,0,0,0,1,0,0,0,1,1,0,0,1,1,0,1,0,0,0,1,0,0,1,0,0,1,1,0,1,0,0
214,1,0,1,0,0,0,1,0,0,1,0,0,1,0,0,1,0,1,0,1,1,0,0,1,0,0,0,1,0,1,0,1,0,0,1,0
215,1,1,0,0,0,1,0,0,0,0,1,0,1,0,1,0,0,1,0,1,0,0,1,1,0,0,0,1,0,1,0,1,0,0,1,0
216,1,1,0,0,1,0,0,0,0,0,1,0,0,1,1,0,0,1,0,1,1,0,0,1,0,0,0,1,0,1,0,1,0,0,1,0
217,0,0,1,0,0,1,0,0,0,0,1,0,0,1,1,0,0,1,0,1,0,1,0,1,0,0,1,0,1,0,0,1,0,0,1,0
218,0,1,0,0,0,0,1,0,0,0,0,1,0,1,0,1,0,1,1,0,0,1,0,0,1,0,1,0,0,0,1,1,0,0,1,0
219,0,1,0,0,1,0,0,0,0,0,1,0,1,0,1,0,1,0,0,1,1,0,0,1,0,0,1,0,1,0,0,1,0,0,1,0
220,1,1,0,0,0,0,1,0,0,0,0,1,0,1,0,1,0,1,0,1,1,0,0,0,1,0,1,0,0,0,1,0,1,1,0,0
221,1,1,0,0,1,0,0,0,0,0,1,0,0,1,1,0,0,1,0,1,1,0,0,1,0,0,0,1,0,0,1,1,0,0,1,0
222,1,0,1,0,1,0,0,0,0,0,1,0,0,1,1,0,0,1,0,1,1,0,0,1,0,0,1,0,0,1,0,1,0,0,1,0
223,1,1,0,0,1,0,0,0,0,0,1,0,0,1,1,0,0,1,0,1,1,0,0,1,0,0,1,0,0,1,0,1,0,0,1,0
224,0,0,1,0,0,0,1,0,0,0,0,1,0,1,1,0,1,0,0,1,1,0,0,0,1,0,0,1,1,0,0,1,0,0,1,0
225,1,0,1,0,1,0,0,0,0,0,1,0,0,1,0,1,0,1,0,1,1,0,0,1,0,0,1,0,0,1,0,1,0,0,1,0
226,1,1,0,0,0,0,1,0,0,0,0,1,0,1,0,1,0,1,1,0,1,0,0,1,0,0,1,0,0,0,1,0,1,0,1,0
227,0,1,0,1,0,0,0,0,0,0,1,0,0,1,1,0,0,1,0,1,0,1,0,1,0,0,0,1,0,1,0,1,0,0,1,0
228,1,1,0,0,1,0,0,0,0,0,1,0,0,1,1,0,0,1,0,1,1,0,0,1,0,0,1,0,0,1,0,1,0,0,1,0
229,1,0,1,0,1,0,0,0,0,0,1,0,0,1,1,0,0,1,0,1,0,1,0,1,0,0,1,0,0,1,0,1,0,0,1,0
230,1,0,1,0,1,0,0,0,0,0,1,0,0,1,1,0,0,1,0,1,0,1,0,0,1,0,1,0,0,1,0,1,0,0,1,0
231,1,0,1,0,0,0,1,0,0,0,0,1,0,1,0,1,0,1,0,1,1,0,0,0,1,0,0,1,0,1,0,0,1,0,1,0
232,0,0,1,0,0,1,0,0,0,0,1,0,0,1,1,0,0,1,0,1,1,0,0,0,1,0,0,1,1,0,0,1,0,0,1,0
233,2,1,0,0,1,0,0,0,0,0,1,0,1,0,1,0,0,1,0,1,1,0,0,0,1,0,0,1,0,1,0,1,0,0,1,0
234,1,1,0,0,0,0,1,0,0,0,0,1,0,1,0,1,1,0,0,1,1,0,0,0,1,0,0,1,0,0,1,0,1,1,0,0
235,1,1,0,0,0,0,1,0,0,0,0,1,0,1,0,1,1,0,1,0,0,1,0,1,0,0,1,0,0,0,1,0,1,0,1,0
236,1,1,0,0,0,0,1,0,0,0,0,1,0,1,1,0,0,1,0,1,1,0,0,0,1,0,0,1,0,0,1,1,0,1,0,0
237,0,0,1,0,0,0,0,1,0,0,0,1,1,0,1,0,0,1,0,1,1,0,0,1,0,0,0,1,1,0,0,1,0,0,1,0
238,1,0,1,0,0,0,1,0,0,0,0,1,0,1,1,0,0,1,0,1,1,0,0,0,1,1,0,0,0,0,1,1,0,0,1,0
239,0,1,0,0,0,0,1,0,0,0,0,1,0,1,0,1,0,1,0,1,1,0,0,0,1,0,0,1,0,1,0,1,0,0,1,0
240,0,0,1,0,0,0,1,0,0,0,0,1,1,0,1,0,0,1,0,1,1,0,0,1,0,0,0,1,0,1,0,1,0,0,1,0
241,1,1,0,0,1,0,0,0,0,0,1,0,0,1,1,0,0,1,0,1,1,0,0,1,0,0,0,1,0,1,0,1,0,0,1,0
242,1,0,1,0,1,0,0,0,0,0,1,0,1,0,1,0,0,1,0,1,0,0,1,0,1,0,0,1,0,1,0,1,0,0,1,0
243,1,0,1,0,0,1,0,0,0,1,0,0,0,1,1,0,1,0,1,0,1,0,0,0,1,0,0,1,0,0,1,1,0,0,1,0
244,0,0,1,0,1,0,0,0,0,0,1,0,0,1,1,0,1,0,1,0,1,0,0,1,0,0,1,0,1,0,0,1,0,0,1,0
245,1,0,1,1,0,0,0,0,0,0,1,0,0,1,1,0,0,1,0,1,0,1,0,0,1,0,0,1,0,1,0,1,0,0,1,0
246,1,1,0,0,0,0,1,0,0,0,0,1,0,1,0,1,0,1,0,1,1,0,0,0,1,0,1,0,0,0,1,0,1,1,0,0
247,0,1,0,0,1,0,0,0,0,0,1,0,0,1,1,0,0,1,0,1,0,1,0,1,0,0,1,0,0,1,0,1,0,0,1,0
248,1,1,0,0,0,0,1,0,0,0,0,1,0,1,0,1,0,1,1,0,1,0,0,1,0,0,1,0,0,0,1,0,1,0,1,0
249,1,1,0,0,0,0,1,0,0,0,0,1,1,0,0,1,0,1,0,1,1,0,0,1,0,0,1,0,0,1,0,0,1,0,1,0
250,1,1,0,0,0,0,1,0,0,0,0,1,0,1,1,0,0,1,0,1,1,0,0,0,1,0,0,1,0,0,1,1,0,1,0,0
251,0,0,1,0,0,1,0,0,0,1,0,0,0,1,1,0,0,1,1,0,1,0,0,0,1,0,0,1,0,1,0,1,0,0,1,0
252,0,1,0,0,0,1,0,0,0,1,0,0,1,0,1,0,1,0,0,1,1,0,0,0,1,0,0,1,0,1,0,1,0,0,1,0
253,0,1,0,0,0,0,1,0,0,0,0,1,1,0,1,0,1,0,0,1,0,1,0,1,0,0,1,0,0,1,0,1,0,0,1,0
254,1,0,1,0,1,0,0,0,0,0,1,0,0,1,1,0,0,1,0,1,0,1,0,0,1,0,1,0,0,1,0,1,0,0,1,0
255,1,1,0,0,1,0,0,0,0,0,1,0,0,1,1,0,0,1,0,1,1,0,0,1,0,0,1,0,0,1,0,1,0,0,1,0
256,1,1,0,0,0,1,0,0,0,1,0,0,1,0,1,0,0,1,1,0,1,0,0,0,1,0,0,1,0,1,0,1,0,0,1,0
257,1,0,1,0,0,0,1,0,0,0,0,1,0,1,1,0,0,1,0,1,1,0,0,1,0,0,0,1,0,1,0,1,0,0,1,0
258,0,1,0,0,1,0,0,0,0,0,1,0,0,1,1,0,0,1,0,1,0,1,0,1,0,0,1,0,0,1,0,1,0,0,1,0
259,2,1,0,0,0,0,0,1,0,0,0,1,1,0,0,1,0,1,0,1,0,0,1,0,1,0,0,1,0,1,0,1,0,0,1,0
260,0,0,1,0,1,0,0,0,0,0,1,0,0,1,1,0,0,1,0,1,0,1,0,1,0,0,1,0,0,1,0,1,0,0,1,0
261,0,1,0,0,0,0,1,0,0,0,0,1,0,1,0,1,0,1,0,1,1,0,0,1,0,0,1,0,0,0,1,0,1,0,1,0
262,1,0,1,0,0,1,0,0,0,1,0,0,0,1,1,0,0,1,1,0,1,0,0,0,1,0,0,1,0,0,1,1,0,0,1,0
263,0,1,0,1,0,0,0,0,0,0,1,0,0,1,1,0,0,1,0,1,0,1,0,1,0,0,0,1,0,1,0,1,0,0,1,0
264,0,1,0,0,0,1,0,0,0,1,0,0,1,0,1,0,0,1,0,1,1,0,0,0,1,0,0,1,0,1,0,1,0,0,1,0
265,1,0,1,1,0,0,0,0,0,0,1,0,0,1,1,0,0,1,0,1,0,1,0,0,1,0,0,1,0,1,0,1,0,0,1,0
266,1,0,1,0,0,1,0,0,0,1,0,0,1,0,1,0,0,1,0,1,1,0,0,0,1,0,0,1,0,1,0,1,0,0,1,0
267,0,0,1,0,0,1,0,0,0,0,0,1,1,0,1,0,0,1,0,1,1,0,0,0,1,0,0,1,0,1,0,0,1,0,1,0
268,1,0,1,0,0,1,0,0,0,1,0,0,0,1,1,0,0,1,0,1,1,0,0,0,1,0,0,1,0,1,0,1,0,0,1,0
269,2,1,0,0,0,0,1,0,0,0,0,1,0,1,1,0,0,1,0,1,0,1,0,1,0,0,0,1,0,1,0,0,1,0,1,0
270,1,1,0,0,1,0,0,0,0,0,1,0,0,1,0,1,0,1,0,1,1,0,0,1,0,0,0,1,0,1,0,1,0,0,1,0
271,1,1,0,0,0,0,1,0,0,0,0,1,0,1,1,0,0,1,0,1,1,0,0,0,1,0,0,1,0,0,1,1,0,0,1,0
272,1,1,0,0,1,0,0,0,0,0,1,0,1,0,1,0,0,1,0,1,1,0,0,1,0,0,0,1,0,1,0,1,0,0,1,0
273,1,0,1,0,1,0,0,0,0,0,1,0,0,1,1,0,0,1,0,1,1,0,0,1,0,0,1,0,0,1,0,1,0,0,1,0
274,0,0,1,0,0,0,0,0,1,0,1,0,0,1,1,0,0,1,0,1,1,0,0,1,0,1,0,0,0,1,0,1,0,0,1,0
275,1,1,0,0,1,0,0,0,0,0,1,0,0,1,1,0,0,1,0,1,1,0,0,1,0,0,0,1,0,1,0,1,0,0,1,0
276,0,0,1,0,0,1,0,0,0,0,0,1,0,1,0,1,0,1,0,1,1,0,0,1,0,0,1,0,0,1,0,1,0,0,1,0
277,0,0,1,0,0,0,1,0,0,0,0,1,1,0,1,0,1,0,0,1,1,0,0,1,0,1,0,0,0,1,0,1,0,0,1,0
278,0,1,0,0,0,0,1,0,0,0,0,1,0,1,1,0,1,0,0,1,0,1,0,1,0,0,0,1,0,1,0,0,1,0,1,0
279,0,1,0,0,1,0,0,0,0,0,1,0,0,1,1,0,0,1,0,1,1,0,0,1,0,0,1,0,0,1,0,1,0,0,1,0
280,0,1,0,0,0,0,0,1,0,0,0,1,1,0,1,0,1,0,0,1,0,1,0,1,0,0,0,1,1,0,0,1,0,0,1,0
281,0,0,1,0,0,1,0,0,0,1,0,0,1,0,1,0,1,0,0,1,1,0,0,1,0,0,0,1,1,0,0,1,0,0,1,0
282,0,0,1,0,0,0,1,0,0,0,0,1,0,1,0,1,0,1,1,0,1,0,0,0,1,0,0,1,0,1,0,1,0,0,1,0
283,2,1,0,0,0,0,1,0,0,0,0,1,0,1,0,1,0,1,1,0,0,1,0,0,1,0,0,1,0,1,0,0,1,1,0,0
284,1,1,0,0,0,0,1,0,0,0,0,1,0,1,1,0,1,0,0,1,1,0,0,1,0,0,0,1,0,1,0,0,1,0,1,0
285,0,1,0,0,0,0,1,0,0,1,0,0,1,0,0,1,1,0,0,1,0,1,0,1,0,0,0,1,1,0,0,1,0,0,1,0
286,1,1,0,0,0,0,1,0,0,0,0,1,0,1,0,1,0,1,1,0,1,0,0,1,0,0,1,0,0,0,1,0,1,0,1,0
287,0,1,0,0,1,0,0,0,0,0,1,0,0,1,1,0,0,1,0,1,1,0,0,0,1,0,0,1,1,0,0,1,0,0,1,0
288,0,1,0,0,1,0,0,0,0,0,1,0,0,1,1,0,0,1,0,1,1,0,0,0,1,0,0,1,1,0,0,1,0,0,1,0
289,1,1,0,0,1,0,0,0,0,0,1,0,0,1,1,0,0,1,0,1,0,1,0,1,0,0,0,1,0,1,0,1,0,0,1,0
290,1,1,0,0,1,0,0,0,0,0,1,0,0,1,1,0,0,1,0,1,1,0,0,1,0,0,0,1,0,1,0,1,0,0,1,0
291,1,1,0,0,1,0,0,0,0,0,1,0,0,1,1,0,0,1,0,1,1,0,0,0,1,0,0,1,0,1,0,1,0,0,1,0
292,1,0,1,1,0,0,0,0,0,0,1,0,0,1,1,0,0,1,0,1,1,0,0,1,0,0,0,1,0,1,0,1,0,0,1,0
293,1,0,1,0,0,0,1,0,0,0,0,1,1,0,1,0,0,1,0,1,1,0,0,1,0,0,0,1,0,1,0,0,1,0,1,0
294,0,0,1,1,0,0,0,0,0,0,1,0,1,0,1,0,0,1,0,1,0,0,1,1,0,0,0,1,0,1,0,0,1,0,1,0
295,1,1,0,0,1,0,0,0,0,0,1,0,0,1,1,0,0,1,0,1,0,1,0,1,0,0,0,1,0,1,0,1,0,0,1,0
296,2,1,0,0,0,0,1,0,0,0,0,1,0,1,1,0,0,1,0,1,0,0,1,0,1,0,0,1,0,0,1,1,0,0,0,1
297,1,0,1,0,0,1,0,0,0,1,0,0,1,0,1,0,1,0,1,0,1,0,0,1,0,0,0,1,0,1,0,1,0,0,1,0
298,1,1,0,0,1,0,0,0,0,0,1,0,0,1,1,0,0,1,0,1,1,0,0,1,0,0,0,1,0,1,0,1,0,0,1,0
299,1,1,0,0,1,0,0,0,0,0,1,0,0,1,1,0,0,1,0,1,1,0,0,0,1,0,0,1,0,1,0,1,0,0,1,0
300,2,1,0,0,0,0,1,0,0,0,0,1,0,1,1,0,0,1,0,1,0,0,1,0,1,0,0,1,0,0,1,1,0,1,0,0
301,1,1,0,0,0,0,1,0,0,0,0,1,0,1,0,1,0,1,1,0,1,0,0,1,0,0,1,0,0,0,1,0,1,0,1,0
302,0,1,0,1,0,0,0,0,0,0,1,0,0,1,1,0,0,1,0,1,1,0,0,0,1,0,0,1,0,1,0,1,0,0,1,0
303,1,0,1,1,0,0,0,0,0,0,1,0,0,1,1,0,0,1,0,1,0,1,0,1,0,0,0,1,0,1,0,1,0,0,1,0
304,1,1,0,0,0,0,1,0,0,0,0,1,1,0,1,0,1,0,1,0,0,1,0,1,0,0,0,1,0,0,1,1,0,0,1,0
305,0,0,1,0,0,1,0,0,0,0,1,0,0,1,1,0,0,1,0,1,1,0,0,0,1,0,0,1,0,1,0,1,0,1,0,0
306,1,1,0,0,0,1,0,0,0,1,0,0,1,0,0,1,0,1,0,1,1,0,0,0,1,0,0,1,0,1,0,0,1,0,0,1
307,1,1,0,0,1,0,0,0,0,0,1,0,0,1,1,0,0,1,0,1,0,0,1,1,0,0,1,0,0,1,0,1,0,0,1,0
308,1,1,0,0,0,0,1,0,0,0,0,1,0,1,1,0,0,1,0,1,1,0,0,0,1,0,0,1,0,0,1,1,0,0,0,1
309,1,1,0,0,0,0,1,0,0,0,0,1,1,0,0,1,0,1,0,1,1,0,0,1,0,0,1,0,0,1,0,0,1,0,1,0
310,1,0,1,1,0,0,0,0,0,0,1,0,0,1,1,0,0,1,0,1,0,1,0,1,0,0,0,1,0,1,0,1,0,0,1,0
311,0,0,1,0,0,1,0,0,0,1,0,0,0,1,1,0,1,0,0,1,1,0,0,0,1,0,0,1,0,1,0,1,0,0,1,0
312,1,1,0,0,1,0,0,0,0,0,1,0,0,1,1,0,0,1,0,1,0,1,0,1,0,0,1,0,0,1,0,1,0,0,1,0
313,1,1,0,0,1,0,0,0,0,0,1,0,0,1,1,0,0,1,1,0,1,0,0,0,1,0,0,1,0,1,0,1,0,0,1,0
314,1,0,1,0,0,1,0,0,0,1,0,0,0,1,1,0,0,1,0,1,1,0,0,0,1,0,0,1,0,1,0,1,0,0,1,0
315,0,0,1,0,1,0,0,0,0,0,1,0,0,1,1,0,0,1,0,1,0,1,0,1,0,0,1,0,0,1,0,1,0,0,1,0
316,1,1,0,0,0,0,1,0,0,0,0,1,0,1,1,0,0,1,0,1,1,0,0,0,1,0,0,1,0,0,1,1,0,0,0,1
317,0,0,1,0,0,0,1,0,0,0,0,1,1,0,1,0,0,1,0,1,1,0,0,0,1,0,0,1,1,0,0,1,0,0,1,0
318,0,0,1,0,0,1,0,0,0,1,0,0,0,1,1,0,0,1,1,0,1,0,0,0,1,0,0,1,0,1,0,1,0,0,1,0
319,0,0,1,0,1,0,0,0,0,0,1,0,0,1,1,0,0,1,0,1,0,1,0,1,0,0,1,0,0,1,0,1,0,0,1,0
320,1,1,0,0,1,0,0,0,0,0,1,0,0,1,1,0,0,1,0,1,0,0,1,1,0,0,1,0,0,1,0,1,0,0,1,0
321,0,1,0,0,0,0,1,0,0,0,0,1,0,1,1,0,0,1,0,1,1,0,0,1,0,0,0,1,1,0,0,1,0,0,1,0
322,1,0,1,1,0,0,0,0,0,0,1,0,0,1,1,0,0,1,0,1,1,0,0,1,0,0,0,1,0,1,0,1,0,0,1,0
323,0,0,1,0,1,0,0,0,0,0,1,0,0,1,1,0,0,1,0,1,0,1,0,1,0,0,1,0,0,1,0,1,0,0,1,0
324,0,0,1,0,0,1,0,0,0,1,0,0,0,1,1,0,1,0,0,1,1,0,0,1,0,0,1,0,0,0,1,0,1,0,1,0
325,1,1,0,0,0,0,1,0,0,0,0,1,1,0,0,1,1,0,1,0,1,0,0,1,0,0,1,0,0,1,0,1,0,0,1,0
326,1,0,1,1,0,0,0,0,0,0,1,0,0,1,1,0,0,1,0,1,0,1,0,1,0,0,0,1,0,1,0,1,0,0,1,0
327,1,1,0,0,1,0,0,0,0,0,1,0,1,0,1,0,0,1,0,1,1,0,0,0,1,0,0,1,0,1,0,1,0,0,1,0
328,1,1,0,0,0,0,1,0,0,0,0,1,0,1,1,0,1,0,0,1,1,0,0,1,0,0,0,1,0,1,0,1,0,0,1,0
329,0,0,1,0,0,0,1,0,0,1,0,0,1,0,1,0,1,0,1,0,1,0,0,1,0,0,1,0,1,0,0,1,0,0,1,0
330,1,0,1,0,1,0,0,0,0,0,1,0,0,1,1,0,0,1,0,1,1,0,0,1,0,0,1,0,0,1,0,1,0,0,1,0
331,0,1,0,0,0,0,1,0,0,0,0,1,1,0,0,1,0,1,0,1,1,0,0,0,1,0,1,0,0,1,0,1,0,0,1,0
332,0,0,1,0,0,0,1,0,0,0,0,1,0,1,1,0,0,1,1,0,0,1,0,0,1,0,0,1,0,0,1,1,0,0,1,0
333,1,0,1,0,0,0,1,0,0,0,0,1,0,1,0,1,1,0,0,1,1,0,0,1,0,0,1,0,0,1,0,0,1,0,1,0
334,1,0,1,0,0,1,0,0,0,1,0,0,0,1,1,0,0,1,0,1,1,0,0,0,1,0,0,1,0,0,1,1,0,0,1,0
335,1,1,0,0,0,0,1,0,0,0,0,1,0,1,0,1,0,1,0,1,1,0,0,0,1,0,0,1,0,1,0,0,1,0,1,0
336,0,1,0,0,0,0,1,0,0,0,0,1,0,1,1,0,0,1,0,1,1,0,0,1,0,0,0,1,0,1,0,1,0,0,1,0
337,0,1,0,0,0,1,0,0,0,1,0,0,1,0,1,0,0,1,0,1,1,0,0,0,1,0,0,1,0,1,0,1,0,0,1,0
338,1,1,0,0,1,0,0,0,0,0,1,0,0,1,1,0,0,1,0,1,1,0,0,1,0,0,0,1,0,1,0,1,0,0,1,0
339,0,0,1,0,0,0,0,1,0,0,0,1,1,0,1,0,1,0,0,1,0,1,0,1,0,0,0,1,1,0,0,1,0,0,1,0
340,1,0,1,1,0,0,0,0,0,0,1,0,0,1,1,0,0,1,0,1,1,0,0,1,0,0,0,1,0,1,0,1,0,0,1,0
341,1,0,1,0,0,0,1,0,0,1,0,0,1,0,0,1,0,1,0,1,1,0,0,1,0,0,0,1,0,1,0,1,0,0,1,0
342,1,0,1,0,1,0,0,0,0,0,1,0,0,1,1,0,0,1,0,1,1,0,0,1,0,0,0,1,0,1,0,1,0,0,1,0
343,1,1,0,0,0,1,0,0,0,0,1,0,1,0,1,0,0,1,0,1,1,0,0,0,1,0,0,1,0,1,0,1,0,0,1,0
344,0,0,1,0,0,0,1,0,0,0,0,1,0,1,0,1,0,1,0,1,1,0,0,0,1,0,1,0,0,0,1,0,1,1,0,0
345,1,1,0,0,0,0,1,0,0,0,0,1,0,1,0,1,1,0,1,0,0,1,0,1,0,0,1,0,0,1,0,0,1,0,1,0
346,0,0,1,0,0,0,0,1,0,0,0,1,1,0,1,0,0,1,0,1,1,0,0,1,0,0,0,1,1,0,0,1,0,0,1,0
347,1,1,0,0,0,0,0,0,1,0,1,0,0,1,1,0,0,1,0,1,0,0,1,0,1,0,0,1,0,1,0,1,0,0,1,0
348,0,1,0,0,1,0,0,0,0,0,1,0,0,1,1,0,0,1,0,1,0,1,0,1,0,0,1,0,0,1,0,1,0,0,1,0
349,1,1,0,0,1,0,0,0,0,0,1,0,0,1,1,0,0,1,0,1,0,1,0,1,0,0,0,1,0,0,1,1,0,0,1,0
350,1,0,1,1,0,0,0,0,0,0,1,0,0,1,1,0,0,1,0,1,0,1,0,1,0,0,0,1,0,1,0,1,0,0,1,0
351,0,0,1,0,0,0,0,1,0,0,0,1,1,0,1,0,1,0,0,1,0,1,0,1,0,0,0,1,1,0,0,1,0,0,1,0
352,1,0,1,0,0,1,0,0,0,1,0,0,0,1,1,0,0,1,1,0,1,0,0,0,1,0,0,1,0,0,1,1,0,0,1,0
353,1,1,0,0,0,0,1,0,0,0,0,1,0,1,1,0,0,1,0,1,1,0,0,0,1,0,0,1,0,0,1,0,1,1,0,0
354,1,1,0,0,1,0,0,0,0,0,1,0,0,1,1,0,0,1,0,1,1,0,0,1,0,0,0,1,0,1,0,1,0,0,1,0
355,0,1,0,0,0,1,0,0,0,1,0,0,1,0,0,1,1,0,0,1,0,0,1,0,1,0,0,1,1,0,0,1,0,0,1,0
356,1,1,0,0,0,1,0,0,0,1,0,0,1,0,0,1,0,1,0,1,1,0,0,1,0,0,0,1,0,1,0,1,0,0,1,0
357,1,0,1,0,1,0,0,0,0,0,1,0,0,1,1,0,0,1,0,1,1,0,0,1,0,0,1,0,0,1,0,1,0,0,1,0
358,1,0,1,0,0,0,0,0,1,0,1,0,0,1,1,0,0,1,0,1,1,0,0,1,0,0,1,0,0,1,0,1,0,0,1,0
359,1,1,0,0,1,0,0,0,0,0,1,0,0,1,1,0,0,1,0,1,1,0,0,1,0,0,0,1,0,1,0,1,0,0,1,0
360,1,1,0,0,1,0,0,0,0,0,1,0,0,1,1,0,0,1,0,1,1,0,0,1,0,0,1,0,0,1,0,1,0,0,1,0
361,2,0,1,0,0,0,0,0,1,0,1,0,0,1,1,0,0,1,0,1,0,1,0,1,0,0,1,0,0,1,0,1,0,0,1,0
362,0,1,0,0,0,0,1,0,0,0,0,1,0,1,0,1,0,1,0,1,1,0,0,0,1,0,0,1,0,0,1,1,0,1,0,0
363,1,1,0,0,1,0,0,0,0,0,1,0,0,1,1,0,0,1,0,1,1,0,0,1,0,0,0,1,0,1,0,1,0,0,1,0
364,0,1,0,0,0,0,1,0,0,0,0,1,0,1,0,1,0,1,1,0,0,1,0,1,0,0,1,0,0,1,0,0,1,0,1,0
365,2,1,0,0,0,0,1,0,0,0,0,1,0,1,1,0,0,1,0,1,0,0,1,0,1,0,0,1,0,0,1,1,0,1,0,0
366,0,0,1,0,0,1,0,0,0,1,0,0,1,0,1,0,0,1,0,1,1,0,0,1,0,0,1,0,0,1,0,1,0,0,1,0
367,1,0,1,0,1,0,0,0,0,0,1,0,0,1,1,0,0,1,0,1,1,0,0,1,0,0,1,0,0,1,0,1,0,0,1,0
368,1,0,1,0,0,1,0,0,0,1,0,0,1,0,1,0,0,1,0,1,1,0,0,0,1,0,1,0,0,1,0,1,0,0,1,0
369,0,0,1,0,0,1,0,0,0,0,1,0,0,1,1,0,0,1,0,1,1,0,0,0,1,0,0,1,0,1,0,1,0,0,1,0
370,1,1,0,0,0,1,0,0,0,0,1,0,1,0,1,0,0,1,0,1,1,0,0,0,1,0,0,1,0,1,0,1,0,0,1,0
371,1,1,0,0,0,0,1,0,0,0,0,1,0,1,0,1,0,1,1,0,1,0,0,1,0,0,1,0,0,0,1,0,1,0,1,0
372,0,0,1,0,0,1,0,0,0,0,0,1,1,0,1,0,0,1,0,1,1,0,0,0,1,0,0,1,0,1,0,0,1,0,1,0
373,1,1,0,0,0,0,0,1,0,0,0,1,0,1,0,1,0,1,0,1,1,0,0,0,1,0,1,0,0,1,0,0,1,0,1,0
374,1,1,0,0,0,0,1,0,0,1,0,0,1,0,0,1,0,1,0,1,1,0,0,1,0,0,0,1,0,1,0,1,0,0,1,0
375,0,0,1,0,0,0,0,0,1,0,1,0,1,0,1,0,1,0,0,1,1,0,0,1,0,0,1,0,1,0,0,1,0,0,1,0
376,0,0,1,0,1,0,0,0,0,0,1,0,0,1,1,0,1,0,1,0,1,0,0,1,0,0,1,0,1,0,0,1,0,0,1,0
377,1,1,0,0,0,0,1,0,0,0,0,1,1,0,0,1,0,1,0,1,1,0,0,1,0,0,1,0,0,1,0,0,1,0,1,0
378,1,0,1,1,0,0,0,0,0,0,1,0,0,1,1,0,0,1,0,1,0,1,0,1,0,0,0,1,0,1,0,1,0,0,1,0
379,0,0,1,0,0,0,0,1,0,0,0,1,1,0,1,0,0,1,0,1,1,0,0,0,1,0,0,1,0,1,0,1,0,0,1,0
380,0,1,0,0,1,0,0,0,0,0,1,0,0,1,1,0,0,1,0,1,1,0,0,0,1,0,0,1,1,0,0,1,0,0,1,0
381,1,1,0,0,0,0,1,0,0,0,0,1,1,0,1,0,1,0,0,1,1,0,0,1,0,0,0,1,1,0,0,1,0,0,1,0
382,0,1,0,0,1,0,0,0,0,0,1,0,0,1,1,0,0,1,0,1,1,0,0,1,0,0,1,0,0,1,0,1,0,0,1,0
383,1,1,0,0,0,0,1,0,0,0,0,1,0,1,0,1,1,0,0,1,1,0,0,0,1,0,0,1,0,0,1,0,1,1,0,0
384,1,1,0,0,0,1,0,0,0,1,0,0,1,0,1,0,0,1,0,1,1,0,0,0,1,0,1,0,0,1,0,0,1,0,1,0
385,1,1,0,0,0,0,1,0,0,0,0,1,1,0,0,1,1,0,1,0,1,0,0,1,0,0,1,0,0,1,0,1,0,0,1,0
386,1,1,0,0,1,0,0,0,0,0,1,0,0,1,1,0,0,1,0,1,1,0,0,1,0,0,1,0,0,1,0,1,0,0,1,0
387,1,1,0,0,1,0,0,0,0,0,1,0,0,1,1,0,0,1,1,0,1,0,0,0,1,0,0,1,0,1,0,1,0,0,1,0
388,1,1,0,0,0,0,0,1,0,0,0,1,0,1,0,1,0,1,1,0,0,1,0,1,0,0,1,0,0,1,0,0,1,1,0,0
389,0,0,1,0,1,0,0,0,0,0,1,0,1,0,1,0,1,0,0,1,1,0,0,1,0,0,1,0,1,0,0,1,0,0,1,0
390,2,0,1,0,0,1,0,0,0,1,0,0,0,1,1,0,0,1,0,1,1,0,0,0,1,0,0,1,0,0,1,1,0,0,1,0
391,1,0,1,0,1,0,0,0,0,0,1,0,0,1,1,0,0,1,0,1,1,0,0,1,0,0,0,1,0,1,0,1,0,0,1,0
392,0,0,1,0,0,1,0,0,0,1,0,0,0,1,1,0,1,0,0,1,1,0,0,0,1,0,0,1,0,1,0,1,0,0,1,0
393,0,0,1,0,0,0,0,1,0,0,0,1,1,0,1,0,1,0,0,1,0,1,0,1,0,0,0,1,0,1,0,1,0,0,1,0
394,0,0,1,0,0,1,0,0,0,0,1,0,0,1,1,0,0,1,0,1,1,0,0,0,1,0,0,1,0,1,0,1,0,1,0,0
395,0,1,0,0,0,0,1,0,0,0,0,1,1,0,0,1,0,1,0,1,1,0,0,1,0,0,1,0,0,1,0,1,0,0,1,0
396,0,0,1,0,0,0,1,0,0,0,0,1,0,1,1,0,1,0,0,1,1,0,0,0,1,0,0,1,1,0,0,1,0,0,1,0
397,0,1,0,0,0,0,1,0,0,0,0,1,0,1,0,1,0,1,0,1,0,0,1,0,1,0,0,1,0,0,1,1,0,0,1,0
398,2,1,0,0,0,0,1,0,0,0,0,1,0,1,0,1,0,1,1,0,0,1,0,0,1,0,0,1,0,1,0,0,1,1,0,0
399,0,0,1,0,0,0,0,1,0,0,0,1,1,0,1,0,0,1,0,1,1,0,0,0,1,0,0,1,1,0,0,1,0,0,1,0
400,1,1,0,0,0,1,0,0,0,0,1,0,1,0,1,0,0,1,0,1,1,0,0,0,1,0,0,1,0,1,0,1,0,0,1,0
401,1,1,0,0,0,1,0,0,0,1,0,0,1,0,1,0,0,1,0,1,1,0,0,0,1,0,1,0,0,1,0,0,1,0,1,0
402,0,1,0,0,0,0,0,1,0,0,0,1,1,0,0,1,0,1,0,1,1,0,0,0,1,0,0,1,1,0,0,1,0,1,0,0
403,1,1,0,0,0,1,0,0,0,1,0,0,1,0,1,0,0,1,1,0,1,0,0,0,1,0,0,1,0,1,0,1,0,0,1,0
404,0,1,0,0,0,0,1,0,0,0,0,1,0,1,1,0,0,1,0,1,1,0,0,1,0,0,0,1,0,1,0,1,0,0,1,0
405,0,0,1,0,0,0,0,1,0,0,0,1,1,0,1,0,1,0,0,1,0,1,0,1,0,0,0,1,0,1,0,1,0,0,1,0
406,2,1,0,0,0,0,1,0,0,0,0,1,0,1,0,1,0,1,0,1,1,0,0,0,1,0,0,1,0,1,0,0,1,1,0,0
407,1,0,1,1,0,0,0,0,0,0,1,0,0,1,1,0,0,1,0,1,0,1,0,1,0,0,0,1,0,1,0,1,0,0,1,0
408,1,1,0,0,1,0,0,0,0,0,1,0,0,1,1,0,0,1,0,1,1,0,0,1,0,0,0,1,0,1,0,1,0,0,1,0
409,2,1,0,0,0,0,0,1,0,0,0,1,1,0,0,1,0,1,0,1,0,0,1,0,1,0,0,1,0,1,0,1,0,0,1,0
410,2,1,0,0,0,0,1,0,0,0,0,1,0,1,0,1,0,1,0,1,0,0,1,0,1,0,0,1,0,1,0,0,1,1,0,0
411,2,1,0,0,0,0,1,0,0,0,0,1,0,1,0,1,0,1,1,0,0,1,0,0,1,0,0,1,0,1,0,0,1,1,0,0
412,1,1,0,0,0,0,1,0,0,0,0,1,0,1,1,0,0,1,0,1,1,0,0,0,1,0,0,1,0,0,1,1,0,0,0,1
413,0,0,1,0,0,1,0,0,0,1,0,0,0,1,1,0,1,0,0,1,1,0,0,0,1,0,0,1,0,1,0,1,0,0,1,0
414,1,0,1,1,0,0,0,0,0,0,1,0,0,1,1,0,0,1,0,1,1,0,0,1,0,0,0,1,0,1,0,1,0,0,1,0
415,0,1,0,0,0,0,0,1,0,0,0,1,1,0,0,1,0,1,0,1,1,0,0,0,1,0,0,1,1,0,0,1,0,1,0,0
416,0,1,0,0,0,1,0,0,0,1,0,0,1,0,1,0,1,0,1,0,1,0,0,1,0,0,1,0,0,1,0,1,0,0,1,0
417,1,1,0,0,0,0,0,1,0,0,0,1,0,1,0,1,0,1,0,1,1,0,0,0,1,0,1,0,0,1,0,0,1,0,1,0
418,1,1,0,0,0,1,0,0,0,0,0,1,1,0,1,0,0,1,0,1,1,0,0,0,1,0,1,0,0,1,0,0,1,1,0,0
419,0,0,1,0,0,1,0,0,0,0,0,1,1,0,1,0,0,1,0,1,1,0,0,0,1,0,0,1,0,1,0,0,1,0,1,0
420,1,0,1,0,1,0,0,0,0,0,1,0,0,1,1,0,0,1,0,1,1,0,0,1,0,0,1,0,0,1,0,1,0,0,1,0
421,1,0,1,0,0,0,0,0,1,0,1,0,0,1,1,0,0,1,0,1,1,0,0,1,0,0,1,0,0,1,0,1,0,0,1,0
422,1,0,1,0,1,0,0,0,0,0,1,0,0,1,1,0,0,1,0,1,1,0,0,0,1,0,0,1,0,1,0,1,0,1,0,0
423,0,0,1,0,0,1,0,0,0,1,0,0,1,0,1,0,0,1,0,1,1,0,0,1,0,0,1,0,0,1,0,1,0,0,1,0
424,0,1,0,1,0,0,0,0,0,0,1,0,0,1,1,0,0,1,0,1,1,0,0,0,1,0,0,1,0,1,0,1,0,0,1,0
425,0,0,1,0,0,0,0,1,0,0,0,1,1,0,1,0,1,0,0,1,0,1,0,1,0,0,0,1,1,0,0,1,0,0,1,0
426,1,1,0,0,0,0,1,0,0,0,0,1,0,1,0,1,0,1,1,0,1,0,0,1,0,0,1,0,0,0,1,0,1,0,1,0
427,2,1,0,0,0,0,1,0,0,0,0,1,0,1,0,1,0,1,0,1,1,0,0,0,1,0,0,1,0,1,0,0,1,1,0,0
428,0,1,0,0,1,0,0,0,0,0,1,0,0,1,1,0,0,1,1,0,1,0,0,0,1,0,0,1,0,1,0,1,0,1,0,0
429,0,1,0,0,1,0,0,0,0,0,1,0,0,1,1,0,0,1,0,1,0,1,0,1,0,0,1,0,0,1,0,1,0,0,1,0
430,1,1,0,0,0,0,1,0,0,0,0,1,1,0,1,0,1,0,1,0,0,1,0,1,0,0,0,1,0,0,1,1,0,0,1,0
431,0,0,1,0,0,0,0,1,0,0,0,1,1,0,0,1,0,1,0,1,0,1,0,1,0,0,0,1,1,0,0,1,0,1,0,0
432,2,1,0,0,1,0,0,0,0,0,1,0,0,1,1,0,0,1,0,1,1,0,0,1,0,0,0,1,0,1,0,1,0,0,1,0
433,0,0,1,0,0,0,1,0,0,0,0,1,1,0,1,0,0,1,0,1,1,0,0,1,0,0,0,1,0,1,0,1,0,0,1,0
434,1,0,1,0,0,0,1,0,0,0,0,1,0,1,0,1,1,0,0,1,1,0,0,1,0,0,1,0,0,1,0,0,1,0,1,0
435,0,0,1,0,0,0,1,0,0,0,0,1,0,1,0,1,0,1,1,0,1,0,0,0,1,0,0,1,0,1,0,1,0,0,1,0
436,0,0,1,0,0,0,0,1,0,0,0,1,1,0,1,0,0,1,0,1,1,0,0,1,0,0,0,1,1,0,0,1,0,0,1,0
437,1,0,1,0,0,0,1,0,0,0,0,1,0,1,1,0,0,1,0,1,1,0,0,0,1,0,0,1,0,0,1,1,0,0,0,1
438,0,1,0,0,1,0,0,0,0,0,1,0,0,1,1,0,0,1,1,0,0,1,0,0,1,0,0,1,0,1,0,1,0,0,1,0
439,1,0,1,0,0,1,0,0,0,1,0,0,0,1,1,0,0,1,0,1,1,0,0,1,0,0,1,0,0,1,0,0,1,0,1,0
440,1,1,0,0,0,0,1,0,0,0,0,1,0,1,0,1,0,1,1,0,1,0,0,1,0,0,1,0,0,0,1,0,1,0,1,0
441,1,1,0,0,0,1,0,0,0,1,0,0,0,1,1,0,0,1,0,1,1,0,0,0,1,0,0,1,0,1,0,1,0,0,1,0
442,0,0,1,0,0,0,0,1,0,0,0,1,1,0,1,0,0,1,0,1,1,0,0,0,1,0,0,1,0,1,0,1,0,0,1,0
443,1,1,0,0,1,0,0,0,0,0,1,0,0,1,1,0,0,1,0,1,1,0,0,1,0,0,0,1,0,1,0,1,0,0,1,0
444,0,1,0,0,1,0,0,0,0,0,1,0,0,1,1,0,0,1,0,1,0,1,0,1,0,0,1,0,0,1,0,1,0,0,1,0
445,1,0,1,0,0,0,1,0,0,0,0,1,1,0,1,0,0,1,0,1,1,0,0,1,0,0,0,1,0,1,0,0,1,0,1,0
446,0,1,0,0,0,0,1,0,0,1,0,0,1,0,1,0,0,1,0,1,1,0,0,1,0,0,0,1,0,1,0,1,0,0,1,0
447,2,0,1,0,0,0,1,0,0,0,0,1,0,1,1,0,0,1,0,1,1,0,0,0,1,0,1,0,0,1,0,0,1,0,1,0
448,0,1,0,0,0,0,1,0,0,0,0,1,0,1,0,1,0,1,0,1,0,0,1,0,1,0,0,1,0,0,1,1,0,0,1,0
449,1,0,1,0,1,0,0,0,0,0,1,0,0,1,1,0,0,1,0,1,1,0,0,1,0,0,1,0,0,1,0,1,0,0,1,0
450,1,0,1,0,1,0,0,0,0,0,1,0,0,1,1,0,0,1,0,1,0,1,0,1,0,0,0,1,0,0,1,1,0,0,1,0
451,2,0,1,0,0,0,1,0,0,0,0,1,0,1,0,1,0,1,0,1,0,0,1,0,1,0,0,1,0,0,1,1,0,1,0,0
452,0,1,0,1,0,0,0,0,0,0,1,0,1,0,1,0,1,0,0,1,1,0,0,1,0,0,0,1,1,0,0,1,0,0,1,0
453,0,0,1,0,0,1,0,0,0,0,1,0,0,1,1,0,0,1,0,1,0,1,0,1,0,0,1,0,1,0,0,1,0,0,1,0
454,1,1,0,0,0,0,1,0,0,0,0,1,1,0,1,0,1,0,1,0,0,1,0,1,0,0,0,1,0,0,1,1,0,0,1,0
455,0,0,1,0,0,0,1,0,0,0,0,1,1,0,1,0,0,1,0,1,0,1,0,1,0,0,0,1,1,0,0,1,0,0,1,0
456,1,1,0,0,1,0,0,0,0,0,1,0,0,1,1,0,0,1,0,1,1,0,0,1,0,0,0,1,0,1,0,1,0,0,1,0
457,0,1,0,0,0,0,1,0,0,0,0,1,0,1,0,1,0,1,0,1,1,0,0,0,1,0,0,1,0,1,0,1,0,0,1,0
458,0,1,0,0,0,0,1,0,0,0,0,1,1,0,1,0,1,0,0,1,0,1,0,1,0,0,1,0,0,1,0,1,0,0,1,0
459,1,1,0,0,0,0,1,0,0,0,0,1,0,1,0,1,0,1,1,0,0,1,0,0,1,0,1,0,0,0,1,1,0,1,0,0
460,1,1,0,0,1,0,0,0,0,0,1,0,0,1,1,0,0,1,0,1,1,0,0,1,0,0,0,1,0,1,0,1,0,0,1,0
461,2,1,0,0,0,0,1,0,0,0,0,1,0,1,1,0,0,1,0,1,0,1,0,1,0,0,0,1,0,1,0,0,1,0,1,0
462,2,1,0,0,0,0,1,0,0,0,0,1,0,1,0,1,1,0,1,0,1,0,0,1,0,0,1,0,0,0,1,0,1,0,1,0
463,2,1,0,0,0,0,1,0,0,0,0,1,0,1,1,0,0,1,0,1,0,1,0,1,0,0,0,1,0,1,0,0,1,0,1,0
464,2,0,1,0,1,0,0,0,0,0,1,0,0,1,1,0,0,1,0,1,0,0,1,0,1,0,1,0,0,1,0,1,0,0,1,0
465,1,1,0,0,0,0,1,0,0,0,0,1,0,1,0,1,1,0,0,1,1,0,0,1,0,0,1,0,0,1,0,0,1,1,0,0
466,0,1,0,0,0,0,1,0,0,1,0,0,1,0,1,0,1,0,1,0,0,1,0,1,0,0,1,0,0,1,0,0,1,0,1,0
467,0,1,0,0,1,0,0,0,0,0,1,0,1,0,1,0,1,0,0,1,0,1,0,1,0,0,1,0,1,0,0,1,0,0,1,0
468,1,0,1,0,0,1,0,0,0,1,0,0,1,0,1,0,0,1,0,1,1,0,0,0,1,0,0,1,0,1,0,1,0,0,1,0
469,0,1,0,0,0,0,1,0,0,0,0,1,0,1,0,1,0,1,0,1,1,0,0,0,1,0,1,0,0,1,0,0,1,0,1,0
470,1,1,0,0,0,0,1,0,0,0,0,1,0,1,0,1,1,0,1,0,0,1,0,1,0,0,1,0,0,1,0,0,1,0,1,0
471,0,1,0,0,0,0,1,0,0,0,0,1,1,0,1,0,0,1,0,1,1,0,0,1,0,0,1,0,0,1,0,0,1,0,1,0
472,0,1,0,0,1,0,0,0,0,0,1,0,1,0,1,0,1,0,0,1,0,1,0,1,0,0,1,0,1,0,0,1,0,0,1,0
473,1,1,0,0,0,0,1,0,0,0,0,1,0,1,1,0,1,0,0,1,1,0,0,0,1,0,0,1,1,0,0,1,0,0,1,0
474,1,0,1,0,0,1,0,0,0,1,0,0,0,1,1,0,1,0,0,1,1,0,0,1,0,0,1,0,0,1,0,1,0,0,1,0
475,0,1,0,0,1,0,0,0,0,0,1,0,0,1,1,0,0,1,0,1,1,0,0,0,1,0,0,1,0,1,0,1,0,0,1,0
476,2,1,0,0,0,0,1,0,0,0,0,1,0,1,1,0,0,1,0,1,0,1,0,1,0,0,0,1,0,1,0,0,1,0,1,0
477,1,0,1,0,1,0,0,0,0,0,1,0,0,1,1,0,0,1,0,1,1,0,0,1,0,0,0,1,0,1,0,1,0,0,1,0
478,0,1,0,0,1,0,0,0,0,0,1,0,0,1,1,0,0,1,0,1,1,0,0,1,0,0,1,0,0,1,0,1,0,0,1,0
479,1,1,0,0,0,0,0,1,0,0,0,1,0,1,1,0,0,1,0,1,1,0,0,0,1,0,0,1,0,1,0,0,1,0,1,0
480,1,0,1,0,0,1,0,0,0,1,0,0,1,0,1,0,0,1,0,1,1,0,0,0,1,0,1,0,0,1,0,1,0,0,1,0
481,0,1,0,0,0,0,1,0,0,0,0,1,1,0,1,0,1,0,1,0,1,0,0,1,0,0,0,1,0,1,0,1,0,0,1,0
482,0,0,1,0,1,0,0,0,0,0,1,0,0,1,1,0,0,1,0,1,0,1,0,1,0,0,1,0,0,1,0,1,0,0,1,0
483,0,1,0,0,0,1,0,0,0,1,0,0,1,0,1,0,0,1,1,0,1,0,0,1,0,0,0,1,0,1,0,1,0,0,1,0
484,1,1,0,0,0,0,1,0,0,1,0,0,1,0,0,1,0,1,0,1,1,0,0,1,0,0,0,1,0,1,0,1,0,0,1,0
485,1,1,0,0,0,1,0,0,0,0,1,0,1,0,1,0,1,0,0,1,1,0,0,0,1,0,0,1,0,1,0,1,0,0,1,0
486,1,0,1,0,0,0,1,0,0,0,0,1,0,1,1,0,0,1,0,1,1,0,0,0,1,0,0,1,0,0,1,1,0,1,0,0
487,1,1,0,0,0,0,1,0,0,0,0,1,0,1,0,1,0,1,1,0,1,0,0,1,0,0,1,0,0,1,0,0,1,1,0,0
488,0,0,1,0,0,0,1,0,0,0,0,1,0,1,0,1,0,1,1,0,1,0,0,0,1,0,0,1,0,1,0,1,0,0,1,0
489,1,0,1,0,1,0,0,0,0,0,1,0,0,1,1,0,0,1,0,1,0,1,0,0,1,0,1,0,0,1,0,1,0,0,1,0
490,2,1,0,0,0,0,1,0,0,0,0,1,0,1,0,1,0,1,1,0,0,1,0,0,1,0,0,1,0,1,0,0,1,1,0,0
491,1,1,0,0,1,0,0,0,0,0,1,0,0,1,1,0,0,1,0,1,1,0,0,1,0,0,1,0,0,1,0,1,0,0,1,0
492,0,1,0,0,0,1,0,0,0,1,0,0,1,0,1,0,0,1,0,1,0,1,0,1,0,0,1,0,0,1,0,1,0,0,1,0
493,2,0,1,0,0,0,1,0,0,0,0,1,0,1,0,1,0,1,0,1,0,0,1,0,1,0,0,1,0,0,1,1,0,1,0,0
494,0,1,0,0,0,0,1,0,0,0,0,1,1,0,1,0,0,1,0,1,1,0,0,1,0,0,0,1,1,0,0,1,0,0,1,0
495,0,0,1,0,0,1,0,0,0,1,0,0,0,1,1,0,1,0,0,1,1,0,0,0,1,0,0,1,0,1,0,1,0,0,1,0
496,0,1,0,0,1,0,0,0,0,0,1,0,1,0,1,0,1,0,0,1,1,0,0,1,0,0,1,0,1,0,0,1,0,0,1,0
497,1,1,0,0,0,0,1,0,0,0,0,1,0,1,0,1,0,1,0,1,1,0,0,0,1,0,1,0,0,1,0,0,1,0,1,0
498,1,1,0,0,0,0,1,0,0,0,0,1,0,1,0,1,0,1,0,1,1,0,0,0,1,0,0,1,0,1,0,1,0,1,0,0
499,1,1,0,0,0,0,1,0,0,0,0,1,0,1,0,1,1,0,0,1,1,0,0,0,1,0,0,1,0,0,1,0,1,1,0,0
500,0,0,1,0,0,1,0,0,0,1,0,0,0,1,1,0,1,0,0,1,1,0,0,0,1,0,0,1,0,1,0,1,0,0,1,0
501,0,0,1,0,0,1,0,0,0,1,0,0,0,1,1,0,0,1,1,0,1,0,0,0,1,0,0,1,0,1,0,1,0,0,1,0
502,0,0,1,0,0,1,0,0,0,1,0,0,0,1,1,0,0,1,1,0,1,0,0,0,1,0,0,1,0,1,0,1,0,0,1,0
503,0,1,0,0,0,0,1,0,0,0,0,1,0,1,0,1,0,1,0,1,1,0,0,0,1,0,1,0,0,0,1,0,1,1,0,0
504,0,0,1,0,0,1,0,0,0,1,0,0,1,0,1,0,1,0,1,0,0,1,0,1,0,0,0,1,1,0,0,1,0,0,1,0
505,0,1,0,0,0,1,0,0,0,1,0,0,1,0,1,0,1,0,1,0,0,1,0,1,0,1,0,0,0,1,0,1,0,0,1,0
506,2,0,1,0,0,0,0,0,1,0,1,0,0,1,1,0,0,1,0,1,0,0,1,0,1,0,0,1,0,1,0,1,0,0,1,0
507,1,1,0,0,0,0,1,0,0,0,0,1,1,0,1,0,1,0,0,1,1,0,0,1,0,0,0,1,1,0,0,1,0,0,1,0
508,0,0,1,0,0,1,0,0,0,1,0,0,0,1,1,0,1,0,0,1,1,0,0,0,1,0,0,1,0,1,0,1,0,0,1,0
509,1,0,1,0,1,0,0,0,0,0,1,0,0,1,1,0,0,1,0,1,1,0,0,1,0,0,0,1,0,1,0,1,0,0,1,0
510,0,0,1,0,0,1,0,0,0,0,1,0,0,1,1,0,0,1,0,1,1,0,0,0,1,0,0,1,0,1,0,1,0,0,1,0
511,1,0,1,0,0,0,1,0,0,0,0,1,0,1,1,0,0,1,0,1,1,0,0,0,1,0,0,1,0,0,1,1,0,0,0,1
512,0,0,1,0,0,1,0,0,0,1,0,0,0,1,1,0,0,1,1,0,1,0,0,0,1,0,0,1,0,1,0,1,0,0,1,0
513,1,0,1,1,0,0,0,0,0,0,1,0,0,1,1,0,0,1,0,1,1,0,0,1,0,0,0,1,0,1,0,1,0,0,1,0
514,0,0,1,0,1,0,0,0,0,0,1,0,1,0,1,0,1,0,1,0,0,1,0,1,0,1,0,0,0,1,0,1,0,0,1,0
515,1,0,1,0,0,1,0,0,0,1,0,0,0,1,1,0,1,0,0,1,1,0,0,1,0,0,1,0,0,1,0,1,0,0,1,0
516,0,1,0,0,0,0,1,0,0,0,0,1,1,0,1,0,0,1,0,1,1,0,0,1,0,0,0,1,1,0,0,1,0,0,1,0
517,2,1,0,0,0,0,1,0,0,0,0,1,0,1,0,1,0,1,0,1,0,0,1,0,1,0,0,1,0,1,0,0,1,1,0,0
518,0,0,1,0,0,0,1,0,0,0,0,1,0,1,0,1,0,1,1,0,1,0,0,0,1,0,0,1,0,1,0,1,0,0,1,0
519,1,1,0,0,0,0,1,0,0,0,0,1,1,0,1,0,1,0,0,1,1,0,0,1,0,0,0,1,0,1,0,1,0,0,1,0
520,0,0,1,0,0,1,0,0,0,1,0,0,1,0,1,0,0,1,0,1,1,0,0,1,0,0,1,0,0,1,0,1,0,0,1,0
521,0,0,1,0,1,0,0,0,0,0,1,0,0,1,1,0,0,1,0,1,0,1,0,1,0,0,1,0,0,1,0,1,0,0,1,0
522,0,1,0,0,1,0,0,0,0,0,1,0,1,0,1,0,1,0,0,1,1,0,0,1,0,0,1,0,1,0,0,1,0,0,1,0
523,1,0,1,0,0,0,1,0,0,0,0,1,0,1,0,1,0,1,0,1,1,0,0,0,1,0,1,0,0,0,1,0,1,0,1,0
524,0,1,0,0,0,0,1,0,0,0,0,1,0,1,1,0,0,1,0,1,1,0,0,1,0,0,0,1,0,1,0,1,0,0,1,0
525,1,0,1,0,0,0,1,0,0,0,0,1,0,1,1,0,0,1,0,1,1,0,0,0,1,0,0,1,0,0,1,1,0,0,0,1
526,1,1,0,0,0,0,1,0,0,0,0,1,0,1,0,1,0,1,1,0,1,0,0,1,0,0,1,0,0,0,1,0,1,0,1,0
527,1,1,0,0,0,0,1,0,0,0,0,1,0,1,0,1,0,1,0,1,1,0,0,0,1,0,0,1,0,1,0,1,0,1,0,0
528,1,1,0,0,0,1,0,0,0,1,0,0,1,0,1,0,0,1,0,1,1,0,0,0,1,0,0,1,0,0,1,1,0,0,1,0
529,1,0,1,0,1,0,0,0,0,0,1,0,0,1,1,0,0,1,0,1,0,1,0,1,0,0,1,0,0,1,0,1,0,0,1,0
530,1,1,0,0,0,0,1,0,0,0,0,1,0,1,1,0,0,1,0,1,1,0,0,0,1,0,0,1,0,0,1,1,0,0,1,0
531,0,0,1,0,0,1,0,0,0,1,0,0,1,0,1,0,1,0,0,1,1,0,0,1,0,0,0,1,0,1,0,1,0,0,1,0
532,0,1,0,0,0,0,1,0,0,0,0,1,1,0,1,0,0,1,0,1,1,0,0,1,0,0,0,1,1,0,0,1,0,0,1,0
533,1,1,0,0,1,0,0,0,0,0,1,0,0,1,1,0,0,1,0,1,0,1,0,1,0,0,1,0,0,1,0,1,0,0,1,0
534,1,1,0,0,0,1,0,0,0,0,1,0,1,0,1,0,0,1,0,1,1,0,0,0,1,0,0,1,0,1,0,1,0,0,1,0
535,1,1,0,0,0,1,0,0,0,0,0,1,1,0,1,0,0,1,0,1,1,0,0,0,1,0,1,0,0,1,0,0,1,1,0,0
536,1,0,1,0,1,0,0,0,0,0,1,0,0,1,1,0,0,1,0,1,1,0,0,1,0,0,0,1,0,1,0,1,0,0,1,0
537,0,1,0,0,1,0,0,0,0,0,1,0,0,1,1,0,0,1,0,1,0,1,0,1,0,0,1,0,0,1,0,1,0,0,1,0
538,0,1,0,0,1,0,0,0,0,0,1,0,0,1,1,0,0,1,0,1,1,0,0,0,1,0,0,1,1,0,0,1,0,0,1,0
539,1,0,1,0,1,0,0,0,0,0,1,0,0,1,1,0,0,1,0,1,1,0,0,1,0,0,0,1,0,1,0,1,0,0,1,0
540,1,1,0,0,0,1,0,0,0,0,1,0,1,0,1,0,0,1,0,1,1,0,0,0,1,0,0,1,0,1,0,1,0,0,1,0
541,1,0,1,0,1,0,0,0,0,0,1,0,0,1,1,0,0,1,0,1,1,0,0,1,0,0,0,1,0,1,0,1,0,0,1,0
542,1,0,1,1,0,0,0,0,0,0,1,0,0,1,1,0,0,1,0,1,1,0,0,1,0,0,0,1,0,1,0,1,0,0,1,0
543,1,0,1,0,0,1,0,0,0,1,0,0,0,1,1,0,0,1,0,1,1,0,0,0,1,0,0,1,0,1,0,1,0,0,1,0
544,1,0,1,0,1,0,0,0,0,0,1,0,0,1,1,0,0,1,0,1,1,0,0,1,0,0,0,1,0,1,0,1,0,0,1,0
545,1,0,1,1,0,0,0,0,0,0,1,0,0,1,1,0,0,1,0,1,1,0,0,1,0,0,0,1,0,1,0,1,0,0,1,0
546,2,0,1,0,0,0,0,0,1,0,1,0,0,1,1,0,0,1,0,1,0,1,0,1,0,0,1,0,0,1,0,1,0,0,1,0
547,1,1,0,0,1,0,0,0,0,0,1,0,1,0,1,0,0,1,0,1,1,0,0,0,1,0,0,1,0,1,0,1,0,0,1,0
548,0,0,1,0,0,1,0,0,0,1,0,0,0,1,1,0,0,1,0,1,1,0,0,0,1,0,0,1,0,1,0,1,0,0,1,0
549,1,1,0,0,0,0,0,1,0,0,0,1,0,1,0,1,0,1,1,0,0,1,0,1,0,0,1,0,0,1,0,0,1,1,0,0
550,1,1,0,0,0,0,1,0,0,0,0,1,0,1,0,1,0,1,1,0,1,0,0,1,0,0,1,0,0,0,1,0,1,0,1,0
551,0,0,1,0,0,1,0,0,0,1,0,0,1,0,1,0,1,0,0,1,1,0,0,1,0,0,0,1,0,1,0,1,0,0,1,0
552,1,1,0,0,0,1,0,0,0,1,0,0,0,1,1,0,0,1,0,1,1,0,0,0,1,0,0,1,0,1,0,1,0,0,1,0
553,1,0,1,0,1,0,0,0,0,0,1,0,0,1,1,0,0,1,0,1,1,0,0,1,0,0,0,1,0,1,0,1,0,0,1,0
554,1,1,0,0,0,0,1,0,0,0,0,1,0,1,0,1,1,0,0,1,1,0,0,1,0,0,1,0,0,1,0,0,1,1,0,0
555,1,0,1,0,1,0,0,0,0,0,1,0,0,1,0,1,0,1,0,1,1,0,0,1,0,0,1,0,0,1,0,1,0,0,1,0
556,0,0,1,0,0,0,0,1,0,0,0,1,1,0,1,0,1,0,0,1,0,1,0,1,0,0,0,1,0,1,0,1,0,0,1,0
557,1,0,1,0,0,0,1,0,0,0,0,1,0,1,1,0,0,1,0,1,1,0,0,0,1,1,0,0,0,0,1,1,0,0,1,0
558,0,0,1,0,0,0,1,0,0,1,0,0,1,0,1,0,1,0,1,0,1,0,0,1,0,0,1,0,1,0,0,1,0,0,1,0
559,1,0,1,1,0,0,0,0,0,0,1,0,0,1,1,0,0,1,0,1,1,0,0,1,0,0,0,1,0,1,0,1,0,0,1,0
560,2,1,0,0,0,0,0,0,1,0,1,0,0,1,1,0,0,1,0,1,0,0,1,0,1,0,0,1,0,0,1,1,0,0,1,0
561,1,0,1,1,0,0,0,0,0,0,1,0,0,1,1,0,0,1,0,1,1,0,0,0,1,0,0,1,0,1,0,1,0,0,1,0
562,1,0,1,0,1,0,0,0,0,0,1,0,0,1,1,0,0,1,0,1,1,0,0,1,0,0,0,1,0,1,0,1,0,0,1,0
563,0,1,0,0,0,0,1,0,0,0,0,1,1,0,1,0,1,0,0,1,0,1,0,1,0,0,1,0,0,1,0,1,0,0,1,0
564,0,1,0,0,0,0,1,0,0,0,0,1,1,0,0,1,1,0,1,0,1,0,0,1,0,0,1,0,0,1,0,1,0,0,1,0
565,1,1,0,0,0,0,1,0,0,0,0,1,0,1,0,1,0,1,0,1,1,0,0,0,1,0,1,0,0,1,0,1,0,1,0,0
566,0,0,1,0,0,0,0,1,0,0,0,1,1,0,1,0,0,1,0,1,1,0,0,0,1,0,0,1,0,1,0,1,0,0,1,0
567,1,1,0,0,1,0,0,0,0,0,1,0,0,1,1,0,0,1,0,1,1,0,0,1,0,0,0,1,0,1,0,1,0,0,1,0
568,1,1,0,0,0,1,0,0,0,1,0,0,1,0,1,0,1,0,1,0,0,1,0,1,0,0,1,0,0,1,0,1,0,0,1,0
569,1,1,0,0,1,0,0,0,0,0,1,0,0,1,1,0,0,1,0,1,1,0,0,1,0,0,0,1,0,0,1,1,0,0,1,0
570,1,1,0,0,0,0,0,1,0,0,0,1,0,1,0,1,1,0,1,0,1,0,0,1,0,0,1,0,0,1,0,1,0,0,1,0
571,1,1,0,0,1,0,0,0,0,0,1,0,0,1,1,0,0,1,0,1,0,0,1,1,0,0,1,0,0,1,0,1,0,0,1,0
572,2,1,0,0,0,0,1,0,0,0,0,1,0,1,0,1,0,1,1,0,0,1,0,0,1,0,0,1,0,1,0,0,1,1,0,0
573,0,1,0,0,1,0,0,0,0,0,1,0,0,1,1,0,0,1,0,1,1,0,0,1,0,0,0,1,0,1,0,1,0,0,1,0
574,0,0,1,0,0,1,0,0,0,1,0,0,0,1,1,0,1,0,1,0,1,0,0,1,0,0,1,0,1,0,0,1,0,0,1,0
575,0,1,0,0,0,0,1,0,0,0,0,1,1,0,1,0,0,1,0,1,1,0,0,1,0,0,0,1,1,0,0,1,0,0,1,0
576,0,1,0,0,1,0,0,0,0,0,1,0,0,1,1,0,0,1,0,1,1,0,0,1,0,0,1,0,0,1,0,1,0,0,1,0
577,0,1,0,0,0,0,1,0,0,0,0,1,0,1,0,1,0,1,0,1,1,0,0,0,1,0,0,1,0,1,0,1,0,0,1,0
578,1,0,1,0,0,0,1,0,0,0,0,1,0,1,0,1,0,1,0,1,1,0,0,0,1,0,1,0,0,0,1,0,1,0,1,0
579,1,1,0,0,0,1,0,0,0,1,0,0,1,0,1,0,0,1,0,1,1,0,0,0,1,0,0,1,0,0,1,1,0,0,1,0
580,0,1,0,0,0,0,1,0,0,0,0,1,1,0,0,1,0,1,0,1,1,0,0,1,0,0,1,0,0,1,0,1,0,1,0,0
581,0,1,0,0,0,0,1,0,0,0,0,1,1,0,0,1,0,1,0,1,1,0,0,0,1,0,0,1,0,0,1,1,0,1,0,0
582,0,1,0,0,0,1,0,0,0,1,0,0,1,0,1,0,1,0,1,0,0,1,0,1,0,1,0,0,0,1,0,1,0,0,1,0
583,1,1,0,0,0,1,0,0,0,1,0,0,1,0,0,1,0,1,0,1,1,0,0,1,0,0,0,1,0,1,0,1,0,0,1,0
584,2,1,0,0,0,0,1,0,0,0,0,1,0,1,0,1,0,1,0,1,1,0,0,0,1,0,0,1,0,1,0,0,1,1,0,0
585,0,0,1,0,0,0,1,0,0,0,0,1,0,1,0,1,1,0,1,0,0,1,0,0,1,1,0,0,0,0,1,0,1,0,0,1
586,0,0,1,0,1,0,0,0,0,0,1,0,0,1,1,0,0,1,0,1,0,1,0,1,0,0,1,0,0,1,0,1,0,0,1,0
587,1,0,1,0,0,0,1,0,0,0,0,1,0,1,1,0,0,1,0,1,1,0,0,0,1,0,0,1,0,0,1,1,0,1,0,0
588,0,1,0,0,0,0,1,0,0,0,0,1,0,1,0,1,0,1,1,0,0,1,0,0,1,0,1,0,0,0,1,1,0,0,1,0
589,1,1,0,0,0,1,0,0,0,1,0,0,0,1,1,0,0,1,0,1,1,0,0,0,1,0,0,1,0,1,0,1,0,0,1,0
590,1,1,0,0,0,1,0,0,0,0,1,0,1,0,1,0,0,1,0,1,0,0,1,1,0,0,0,1,0,1,0,1,0,0,1,0
591,0,0,1,0,0,0,1,0,0,0,0,1,1,0,1,0,0,1,0,1,1,0,0,1,0,0,0,1,0,1,0,1,0,0,1,0
592,2,1,0,0,0,0,0,1,0,0,0,1,1,0,0,1,0,1,0,1,0,0,1,0,1,0,0,1,0,1,0,1,0,1,0,0
593,0,1,0,0,0,0,1,0,0,0,0,1,0,1,0,1,0,1,0,1,1,0,0,0,1,0,1,0,0,0,1,0,1,1,0,0
594,1,1,0,0,1,0,0,0,0,0,1,0,0,1,1,0,0,1,0,1,1,0,0,1,0,0,0,1,0,1,0,1,0,0,1,0
595,0,1,0,0,0,1,0,0,0,1,0,0,1,0,0,1,1,0,0,1,0,0,1,0,1,0,0,1,1,0,0,1,0,0,1,0
596,1,1,0,0,0,0,0,1,0,0,0,1,0,1,1,0,0,1,0,1,1,0,0,0,1,0,0,1,0,1,0,0,1,0,1,0
597,1,1,0,0,0,0,1,0,0,0,0,1,1,0,1,0,1,0,1,0,0,1,0,1,0,0,0,1,0,0,1,1,0,0,1,0
598,1,0,1,0,1,0,0,0,0,0,1,0,0,1,1,0,0,1,0,1,0,1,0,1,0,0,0,1,0,0,1,1,0,0,1,0
599,0,0,1,0,0,0,0,1,0,0,0,1,1,0,1,0,0,1,0,1,1,0,0,0,1,0,0,1,0,1,0,1,0,0,1,0
600,0,0,1,1,0,0,0,0,0,0,1,0,1,0,1,0,0,1,0,1,0,0,1,1,0,0,0,1,0,1,0,0,1,0,1,0
601,0,0,1,0,0,0,1,0,0,0,0,1,1,0,1,0,0,1,0,1,0,1,0,1,0,0,0,1,1,0,0,1,0,0,1,0
602,1,0,1,0,0,0,1,0,0,0,0,1,0,1,1,0,0,1,0,1,0,0,1,0,1,0,0,1,0,0,1,1,0,0,0,1
603,0,0,1,0,0,0,1,0,0,1,0,0,1,0,1,0,1,0,1,0,1,0,0,1,0,0,1,0,1,0,0,1,0,0,1,0
604,1,1,0,0,0,0,1,0,0,0,0,1,1,0,0,1,1,0,1,0,1,0,0,1,0,0,1,0,0,1,0,1,0,0,1,0
605,1,1,0,0,0,0,1,0,0,0,0,1,1,0,1,0,1,0,1,0,0,1,0,1,0,0,0,1,0,0,1,1,0,0,1,0
606,2,1,0,0,1,0,0,0,0,0,1,0,1,0,1,0,0,1,0,1,1,0,0,0,1,0,0,1,0,1,0,1,0,0,1,0
607,0,0,1,0,0,1,0,0,0,1,0,0,1,0,1,0,1,0,0,1,1,0,0,1,0,0,0,1,1,0,0,1,0,0,1,0
608,1,1,0,0,1,0,0,0,0,0,1,0,0,1,1,0,0,1,0,1,1,0,0,1,0,0,1,0,0,1,0,1,0,0,1,0
609,0,1,0,1,0,0,0,0,0,0,1,0,0,1,1,0,0,1,0,1,1,0,0,0,1,0,0,1,0,1,0,1,0,0,1,0
610,0,1,0,0,1,0,0,0,0,0,1,0,0,1,1,0,0,1,0,1,1,0,0,1,0,0,0,1,0,1,0,1,0,0,1,0
611,1,0,1,0,1,0,0,0,0,0,1,0,0,1,1,0,0,1,0,1,1,0,0,1,0,0,0,1,0,1,0,1,0,0,1,0
612,1,1,0,0,0,0,1,0,0,0,0,1,0,1,1,0,0,1,0,1,1,0,0,0,1,0,0,1,0,0,1,1,0,1,0,0
613,0,1,0,0,0,0,1,0,0,0,0,1,1,0,1,0,1,0,1,0,1,0,0,0,1,0,0,1,1,0,0,1,0,0,1,0
614,0,1,0,0,1,0,0,0,0,0,1,0,0,1,1,0,0,1,0,1,0,1,0,1,0,0,1,0,0,1,0,1,0,0,1,0
615,2,0,1,0,0,0,0,0,1,0,1,0,0,1,1,0,0,1,0,1,0,1,0,1,0,0,1,0,0,1,0,1,0,0,1,0
616,1,0,1,1,0,0,0,0,0,0,1,0,0,1,1,0,0,1,0,1,1,0,0,1,0,0,0,1,0,1,0,1,0,0,1,0
617,0,0,1,0,0,0,0,0,1,0,1,0,0,1,1,0,0,1,0,1,0,1,0,1,0,0,1,0,0,1,0,1,0,0,1,0
618,0,0,1,0,0,0,1,0,0,0,0,1,1,0,1,0,0,1,0,1,0,1,0,1,0,0,0,1,1,0,0,1,0,0,1,0
619,2,1,0,0,0,0,1,0,0,0,0,1,0,1,1,0,0,1,0,1,0,0,1,0,1,0,0,1,0,0,1,1,0,1,0,0
620,2,1,0,0,1,0,0,0,0,0,1,0,0,1,1,0,0,1,0,1,1,0,0,1,0,0,0,1,0,1,0,1,0,0,1,0
621,1,0,1,0,0,0,1,0,0,0,0,1,0,1,0,1,1,0,0,1,1,0,0,1,0,0,1,0,0,1,0,0,1,0,1,0
622,1,1,0,0,0,0,1,0,0,0,0,1,0,1,0,1,0,1,1,0,1,0,0,1,0,0,1,0,0,0,1,0,1,0,1,0
623,1,0,1,0,1,0,0,0,0,0,1,0,0,1,0,1,0,1,0,1,1,0,0,1,0,0,0,1,0,1,0,1,0,0,1,0
624,0,1,0,1,0,0,0,0,0,0,1,0,0,1,1,0,0,1,0,1,0,1,0,1,0,0,0,1,0,1,0,1,0,0,1,0
625,0,1,0,0,1,0,0,0,0,0,1,0,0,1,1,0,0,1,1,0,1,0,0,0,1,0,0,1,0,1,0,1,0,1,0,0
626,0,1,0,0,0,1,0,0,0,1,0,0,1,0,1,0,0,1,0,1,1,0,0,0,1,0,0,1,0,1,0,1,0,0,1,0
627,2,1,0,0,1,0,0,0,0,0,1,0,1,0,1,0,0,1,0,1,1,0,0,0,1,0,0,1,0,1,0,1,0,0,1,0
628,2,1,0,0,0,0,0,0,1,0,1,0,0,1,1,0,0,1,0,1,0,0,1,0,1,0,0,1,0,0,1,1,0,0,1,0
629,1,1,0,0,0,0,0,1,0,0,0,1,1,0,1,0,0,1,0,1,1,0,0,0,1,0,0,1,0,1,0,1,0,0,1,0
630,1,0,1,0,1,0,0,0,0,0,1,0,0,1,1,0,0,1,0,1,0,1,0,1,0,0,1,0,0,1,0,1,0,0,1,0
631,1,0,1,0,0,1,0,0,0,1,0,0,0,1,1,0,1,0,1,0,1,0,0,0,1,0,0,1,0,0,1,1,0,0,1,0
632,1,0,1,0,0,0,1,0,0,0,0,1,0,1,1,0,0,1,0,1,1,0,0,1,0,0,0,1,0,1,0,1,0,0,1,0
633,0,0,1,0,0,1,0,0,0,0,0,1,0,1,0,1,0,1,0,1,1,0,0,1,0,0,1,0,0,1,0,1,0,0,1,0
634,0,0,1,0,0,0,1,0,0,0,0,1,1,0,1,0,0,1,0,1,1,0,0,0,1,0,1,0,1,0,0,0,1,0,1,0
635,1,1,0,0,1,0,0,0,0,0,1,0,1,0,1,0,0,1,0,1,1,0,0,1,0,0,0,1,0,1,0,1,0,0,1,0
636,0,0,1,0,0,0,0,1,0,0,0,1,1,0,1,0,0,1,0,1,1,0,0,0,1,0,0,1,1,0,0,1,0,0,1,0
637,1,0,1,1,0,0,0,0,0,0,1,0,0,1,1,0,0,1,0,1,1,0,0,1,0,0,0,1,0,1,0,1,0,0,1,0
638,1,0,1,1,0,0,0,0,0,0,1,0,0,1,1,0,0,1,0,1,0,1,0,1,0,0,0,1,0,1,0,1,0,0,1,0
639,1,1,0,0,1,0,0,0,0,0,1,0,0,1,1,0,0,1,0,1,0,1,0,1,0,0,1,0,0,1,0,1,0,0,1,0
640,2,1,0,0,1,0,0,0,0,0,1,0,0,1,1,0,0,1,0,1,0,0,1,1,0,0,0,1,0,1,0,1,0,0,1,0
641,1,1,0,0,1,0,0,0,0,0,1,0,0,1,1,0,0,1,0,1,1,0,0,1,0,0,0,1,0,1,0,1,0,0,1,0
642,0,1,0,0,0,1,0,0,0,1,0,0,1,0,1,0,1,0,0,1,1,0,0,0,1,0,0,1,0,1,0,1,0,0,1,0
643,2,0,1,0,0,0,0,0,1,0,1,0,0,1,1,0,0,1,0,1,0,0,1,0,1,0,0,1,0,1,0,1,0,0,1,0
644,0,1,0,0,1,0,0,0,0,0,1,0,0,1,1,0,0,1,0,1,1,0,0,0,1,0,0,1,0,1,0,1,0,0,1,0
645,1,0,1,0,1,0,0,0,0,0,1,0,0,1,1,0,0,1,0,1,0,1,0,1,0,0,1,0,0,1,0,1,0,0,1,0
646,0,1,0,0,0,0,0,1,0,0,0,1,1,0,1,0,1,0,0,1,0,1,0,1,0,0,0,1,1,0,0,1,0,0,1,0
647,1,1,0,0,0,0,0,1,0,0,0,1,1,0,0,1,1,0,0,1,0,1,0,1,0,0,0,1,0,1,0,1,0,0,1,0
648,2,1,0,0,0,0,1,0,0,0,0,1,0,1,1,0,0,1,0,1,0,1,0,1,0,0,0,1,0,1,0,0,1,0,1,0
649,1,1,0,0,0,1,0,0,0,0,1,0,1,0,1,0,0,1,0,1,1,0,0,0,1,0,0,1,0,1,0,1,0,0,1,0
650,0,0,1,0,1,0,0,0,0,0,1,0,1,0,1,0,1,0,0,1,1,0,0,1,0,0,1,0,0,1,0,1,0,0,1,0
651,1,1,0,0,0,0,0,1,0,0,0,1,1,0,0,1,1,0,0,1,0,1,0,1,0,0,0,1,0,1,0,1,0,0,1,0
652,0,1,0,0,0,1,0,0,0,1,0,0,1,0,0,1,1,0,0,1,1,0,0,1,0,0,0,1,1,0,0,1,0,0,1,0
653,0,0,1,0,0,0,1,0,0,0,0,1,1,0,1,0,0,1,0,1,1,0,0,1,0,0,0,1,0,1,0,1,0,0,1,0
654,0,1,0,0,0,0,1,0,0,0,0,1,0,1,0,1,0,1,1,0,1,0,0,0,1,0,0,1,0,0,1,0,1,1,0,0
655,1,1,0,0,1,0,0,0,0,0,1,0,0,1,1,0,0,1,0,1,0,0,1,1,0,0,1,0,0,1,0,1,0,0,1,0
656,2,1,0,0,1,0,0,0,0,0,1,0,1,0,1,0,0,1,0,1,1,0,0,0,1,0,0,1,0,1,0,1,0,0,1,0
657,0,0,1,0,0,1,0,0,0,1,0,0,0,1,1,0,0,1,0,1,1,0,0,0,1,0,0,1,0,1,0,1,0,0,1,0
658,0,0,1,0,0,1,0,0,0,0,0,1,0,1,0,1,0,1,0,1,1,0,0,1,0,0,1,0,0,1,0,1,0,0,1,0
659,0,0,1,0,0,1,0,0,0,0,0,1,1,0,1,0,0,1,0,1,1,0,0,0,1,0,0,1,0,1,0,0,1,0,1,0
660,1,1,0,0,1,0,0,0,0,0,1,0,0,1,1,0,0,1,0,1,1,0,0,0,1,0,0,1,0,1,0,1,0,0,1,0
661,1,0,1,1,0,0,0,0,0,0,1,0,0,1,1,0,0,1,0,1,0,1,0,1,0,0,0,1,0,1,0,1,0,0,1,0
662,0,1,0,0,1,0,0,0,0,0,1,0,0,1,1,0,0,1,0,1,1,0,0,1,0,0,1,0,0,1,0,1,0,0,1,0
663,1,1,0,0,1,0,0,0,0,0,1,0,0,1,1,0,0,1,0,1,1,0,0,1,0,0,1,0,0,1,0,1,0,0,1,0
664,1,1,0,0,0,0,1,0,0,0,0,1,0,1,1,0,1,0,0,1,1,0,0,1,0,0,0,1,0,1,0,1,0,0,1,0
665,1,0,1,0,0,1,0,0,0,0,0,1,0,1,0,1,1,0,0,1,1,0,0,1,0,0,1,0,0,0,1,0,1,0,1,0
666,0,1,0,0,1,0,0,0,0,0,1,0,0,1,1,0,0,1,0,1,1,0,0,0,1,0,0,1,0,1,0,1,0,0,1,0
667,1,0,1,0,1,0,0,0,0,0,1,0,1,0,1,0,0,1,0,1,0,0,1,0,1,0,0,1,0,1,0,1,0,0,1,0
668,0,1,0,0,0,0,0,1,0,0,0,1,1,0,0,1,0,1,0,1,1,0,0,0,1,0,0,1,1,0,0,1,0,1,0,0
669,1,1,0,0,1,0,0,0,0,0,1,0,0,1,1,0,0,1,0,1,0,0,1,1,0,0,1,0,0,1,0,1,0,0,1,0
670,0,0,1,0,0,1,0,0,0,1,0,0,0,1,1,0,1,0,0,1,1,0,0,0,1,0,0,1,0,1,0,1,0,0,1,0
671,0,0,1,0,0,0,1,0,0,0,0,1,1,0,1,0,1,0,0,1,1,0,0,0,1,0,0,1,0,1,0,1,0,0,1,0
672,0,0,1,0,0,1,0,0,0,0,1,0,0,1,1,0,0,1,0,1,1,0,0,0,1,0,0,1,0,1,0,1,0,0,1,0
673,1,1,0,0,0,0,1,0,0,0,0,1,0,1,0,1,0,1,0,1,1,0,0,0,1,0,0,1,0,1,0,1,0,1,0,0
674,0,0,1,0,0,1,0,0,0,0,0,1,1,0,1,0,0,1,0,1,1,0,0,0,1,0,0,1,0,1,0,0,1,0,1,0
675,1,1,0,0,0,0,1,0,0,0,0,1,1,0,1,0,1,0,0,1,1,0,0,1,0,0,0,1,1,0,0,1,0,0,1,0
676,1,1,0,0,0,0,1,0,0,0,0,1,0,1,0,1,1,0,0,1,1,0,0,1,0,0,1,0,0,1,0,0,1,1,0,0
677,0,1,0,1,0,0,0,0,0,0,1,0,0,1,1,0,0,1,0,1,0,1,0,1,0,0,0,1,0,1,0,1,0,0,1,0
678,1,0,1,1,0,0,0,0,0,0,1,0,0,1,1,0,0,1,0,1,0,1,0,1,0,0,0,1,0,1,0,1,0,0,1,0
679,1,1,0,0,0,0,1,0,0,0,0,1,0,1,0,1,0,1,0,1,1,0,0,1,0,0,0,1,0,1,0,1,0,0,1,0
680,0,1,0,0,0,0,1,0,0,0,0,1,0,1,0,1,0,1,0,1,1,0,0,0,1,0,0,1,0,0,1,1,0,1,0,0
681,2,0,1,0,0,0,0,0,1,0,1,0,0,1,1,0,0,1,0,1,0,1,0,1,0,0,1,0,0,1,0,1,0,0,1,0
682,1,0,1,0,0,0,1,0,0,0,0,1,0,1,1,0,1,0,0,1,1,0,0,0,1,0,0,1,0,1,0,1,0,0,1,0
683,1,1,0,0,0,0,0,1,0,0,0,1,0,1,1,0,0,1,0,1,1,0,0,0,1,0,0,1,0,1,0,0,1,0,1,0
684,0,1,0,0,1,0,0,0,0,0,1,0,1,0,1,0,1,0,0,1,0,1,0,1,0,0,1,0,1,0,0,1,0,0,1,0
685,0,0,1,0,0,1,0,0,0,1,0,0,0,1,1,0,1,0,0,1,1,0,0,0,1,0,0,1,0,1,0,1,0,0,1,0
686,1,1,0,0,1,0,0,0,0,0,1,0,1,0,1,0,0,1,0,1,1,0,0,0,1,0,0,1,0,1,0,1,0,0,1,0
687,0,1,0,0,0,0,1,0,0,0,0,1,0,1,0,1,0,1,1,0,0,1,0,0,1,0,1,0,0,0,1,1,0,0,1,0
688,1,1,0,0,0,1,0,0,0,0,1,0,1,0,1,0,0,1,0,1,1,0,0,0,1,0,0,1,0,1,0,1,0,0,1,0
689,2,1,0,0,0,0,1,0,0,0,0,1,0,1,0,1,0,1,1,0,0,1,0,0,1,0,0,1,0,1,0,0,1,1,0,0
690,1,1,0,0,0,0,0,1,0,0,0,1,0,1,0,1,0,1,0,1,1,0,0,0,1,0,0,1,0,0,1,1,0,1,0,0
691,1,1,0,0,1,0,0,0,0,0,1,0,0,1,0,1,0,1,0,1,1,0,0,1,0,0,1,0,0,1,0,1,0,0,1,0
692,1,1,0,0,0,0,1,0,0,0,0,1,0,1,0,1,0,1,0,1,1,0,0,0,1,0,0,1,0,0,1,0,1,1,0,0
693,1,0,1,1,0,0,0,0,0,0,1,0,0,1,1,0,0,1,0,1,1,0,0,0,1,0,0,1,0,1,0,1,0,0,1,0
694,0,1,0,0,0,0,1,0,0,0,0,1,0,1,0,1,0,1,0,1,1,0,0,1,0,0,1,0,0,0,1,0,1,0,1,0
695,1,0,1,0,1,0,0,0,0,0,1,0,0,1,1,0,0,1,0,1,1,0,0,1,0,0,0,1,0,0,1,1,0,0,1,0
696,0,0,1,0,0,0,0,0,1,0,1,0,1,0,1,0,1,0,0,1,1,0,0,1,0,0,1,0,1,0,0,1,0,0,1,0
697,0,1,0,0,0,0,1,0,0,0,0,1,0,1,0,1,0,1,0,1,1,0,0,0,1,0,1,0,0,0,1,0,1,1,0,0
698,1,0,1,1,0,0,0,0,0,0,1,0,0,1,1,0,0,1,0,1,1,0,0,1,0,0,0,1,0,1,0,1,0,0,1,0
699,0,0,1,0,0,1,0,0,0,1,0,0,0,1,1,0,0,1,0,1,1,0,0,0,1,0,0,1,0,1,0,1,0,0,1,0
700,1,0,1,1,0,0,0,0,0,0,1,0,0,1,1,0,0,1,0,1,1,0,0,1,0,0,0,1,0,1,0,1,0,0,1,0
701,0,0,1,0,0,1,0,0,0,1,0,0,1,0,1,0,1,0,0,1,1,0,0,1,0,0,0,1,0,1,0,1,0,0,1,0
702,0,0,1,0,1,0,0,0,0,0,1,0,1,0,1,0,1,0,0,1,1,0,0,1,0,0,1,0,0,1,0,1,0,0,1,0
703,0,0,1,1,0,0,0,0,0,0,1,0,1,0,1,0,0,1,0,1,0,0,1,1,0,0,0,1,0,1,0,0,1,0,1,0
704,0,0,1,0,1,0,0,0,0,0,1,0,0,1,1,0,0,1,0,1,0,1,0,1,0,0,1,0,0,1,0,1,0,0,1,0
705,1,0,1,0,0,0,1,0,0,0,0,1,0,1,0,1,1,0,1,0,1,0,0,0,1,0,0,1,0,1,0,0,1,1,0,0
706,1,0,1,0,0,1,0,0,0,1,0,0,0,1,1,0,0,1,0,1,1,0,0,0,1,0,0,1,0,0,1,1,0,0,1,0
707,1,0,1,1,0,0,0,0,0,0,1,0,0,1,1,0,0,1,0,1,0,1,0,1,0,0,0,1,0,1,0,1,0,0,1,0
708,1,1,0,0,0,0,1,0,0,0,0,1,0,1,1,0,0,1,1,0,1,0,0,1,0,0,1,0,0,1,0,0,1,0,1,0
709,1,1,0,0,0,1,0,0,0,1,0,0,1,0,0,1,0,1,0,1,1,0,0,1,0,0,0,1,0,1,0,1,0,0,1,0
710,0,1,0,0,0,1,0,0,0,1,0,0,1,0,1,0,0,1,0,1,1,0,0,0,1,0,0,1,0,1,0,1,0,0,1,0
711,0,1,0,0,0,0,1,0,0,1,0,0,1,0,0,1,1,0,0,1,0,1,0,1,0,0,0,1,1,0,0,1,0,0,1,0
712,0,1,0,0,0,1,0,0,0,1,0,0,1,0,0,1,0,1,0,1,1,0,0,1,0,0,0,1,0,1,0,0,1,0,1,0
713,1,1,0,0,1,0,0,0,0,0,1,0,0,1,1,0,0,1,0,1,0,1,0,1,0,0,0,1,0,1,0,1,0,0,1,0
714,0,0,1,0,0,0,0,1,0,0,0,1,1,0,1,0,0,1,0,1,1,0,0,0,1,0,0,1,1,0,0,1,0,0,1,0
715,0,0,1,0,1,0,0,0,0,0,1,0,0,1,1,0,1,0,1,0,1,0,0,1,0,0,1,0,1,0,0,1,0,0,1,0
716,2,0,1,0,1,0,0,0,0,0,1,0,0,1,1,0,0,1,0,1,0,0,1,0,1,0,1,0,0,1,0,1,0,0,1,0
717,0,0,1,0,0,0,0,1,0,0,0,1,1,0,1,0,0,1,0,1,1,0,0,1,0,0,0,1,1,0,0,1,0,0,1,0
718,1,1,0,0,1,0,0,0,0,0,1,0,0,1,1,0,0,1,0,1,1,0,0,1,0,0,1,0,0,1,0,1,0,0,1,0
719,1,1,0,0,0,0,1,0,0,0,0,1,1,0,0,1,0,1,0,1,1,0,0,1,0,0,1,0,0,1,0,0,1,0,1,0
720,1,0,1,1,0,0,0,0,0,0,1,0,0,1,1,0,0,1,0,1,1,0,0,1,0,0,0,1,0,1,0,1,0,0,1,0
721,1,0,1,0,0,1,0,0,0,1,0,0,1,0,1,0,1,0,1,0,1,0,0,1,0,0,0,1,0,1,0,1,0,0,1,0
722,1,1,0,0,0,0,1,0,0,0,0,1,0,1,0,1,1,0,1,0,0,1,0,1,0,0,1,0,0,0,1,0,1,0,1,0
723,0,0,1,0,1,0,0,0,0,0,1,0,0,1,1,0,0,1,0,1,0,1,0,1,0,0,1,0,0,1,0,1,0,0,1,0
724,0,0,1,0,0,1,0,0,0,1,0,0,0,1,1,0,0,1,1,0,1,0,0,0,1,0,0,1,0,1,0,1,0,0,1,0
725,1,1,0,0,0,1,0,0,0,0,1,0,1,0,1,0,0,1,0,1,1,0,0,0,1,0,0,1,0,1,0,1,0,0,1,0
726,1,0,1,0,0,1,0,0,0,0,0,1,0,1,0,1,1,0,0,1,1,0,0,1,0,0,1,0,0,0,1,0,1,0,1,0
727,1,0,1,0,1,0,0,0,0,0,1,0,0,1,0,1,0,1,0,1,1,0,0,1,0,0,1,0,0,1,0,1,0,0,1,0
728,0,1,0,0,1,0,0,0,0,0,1,0,0,1,1,0,0,1,0,1,0,1,0,1,0,0,1,0,0,1,0,1,0,0,1,0
729,1,0,1,1,0,0,0,0,0,0,1,0,0,1,1,0,0,1,0,1,0,1,0,1,0,0,0,1,0,1,0,1,0,0,1,0
730,1,0,1,0,0,0,1,0,0,0,0,1,0,1,0,1,0,1,0,1,1,0,0,0,1,0,1,0,0,0,1,0,1,0,1,0
731,1,0,1,0,0,1,0,0,0,0,0,1,0,1,0,1,1,0,1,0,0,1,0,1,0,0,1,0,0,1,0,0,1,0,1,0
732,1,0,1,0,1,0,0,0,0,0,1,0,0,1,1,0,0,1,0,1,1,0,0,1,0,0,0,1,0,1,0,1,0,0,1,0
733,2,1,0,0,0,0,1,0,0,0,0,1,0,1,0,1,0,1,1,0,0,1,0,0,1,0,0,1,0,1,0,0,1,1,0,0
734,1,0,1,1,0,0,0,0,0,0,1,0,0,1,1,0,0,1,0,1,0,1,0,1,0,0,0,1,0,1,0,1,0,0,1,0
735,2,1,0,0,1,0,0,0,0,0,1,0,0,1,1,0,0,1,0,1,0,0,1,0,1,0,0,1,0,1,0,1,0,0,1,0
736,0,0,1,0,0,1,0,0,0,0,1,0,0,1,1,0,0,1,0,1,1,0,0,1,0,0,0,1,1,0,0,1,0,0,1,0
737,1,1,0,0,0,0,1,0,0,0,0,1,0,1,0,1,0,1,0,1,1,0,0,0,1,0,0,1,0,1,0,1,0,1,0,0
738,1,0,1,1,0,0,0,0,0,0,1,0,0,1,1,0,0,1,0,1,1,0,0,1,0,0,0,1,0,1,0,1,0,0,1,0
739,0,1,0,0,0,0,0,1,0,0,0,1,1,0,1,0,1,0,0,1,0,1,0,1,0,0,0,1,1,0,0,1,0,0,1,0
740,1,1,0,0,0,1,0,0,0,1,0,0,1,0,0,1,0,1,0,1,1,0,0,0,1,0,0,1,0,1,0,0,1,0,0,1
741,1,1,0,0,1,0,0,0,0,0,1,0,0,1,0,1,0,1,0,1,0,1,0,1,0,0,0,1,0,1,0,1,0,0,1,0
742,0,1,0,0,0,0,1,0,0,0,0,1,0,1,0,1,0,1,0,1,1,0,0,0,1,0,0,1,0,1,0,1,0,0,1,0
743,0,0,1,0,0,1,0,0,0,0,0,1,0,1,0,1,0,1,0,1,1,0,0,1,0,0,1,0,0,1,0,1,0,0,1,0
744,1,0,1,0,0,1,0,0,0,1,0,0,1,0,1,0,1,0,1,0,1,0,0,1,0,0,1,0,0,1,0,1,0,0,1,0
745,0,1,0,0,0,0,1,0,0,0,0,1,1,0,1,0,0,1,0,1,1,0,0,0,1,0,0,1,1,0,0,1,0,0,1,0
746,1,1,0,0,0,1,0,0,0,1,0,0,1,0,1,0,0,1,0,1,1,0,0,0,1,0,1,0,0,1,0,0,1,0,1,0
747,1,1,0,0,0,1,0,0,0,0,1,0,1,0,1,0,0,1,0,1,1,0,0,0,1,0,0,1,0,1,0,1,0,0,1,0
748,2,1,0,0,0,0,1,0,0,0,0,1,0,1,1,0,0,1,0,1,0,1,0,1,0,0,0,1,0,1,0,0,1,0,1,0
749,1,1,0,0,0,0,1,0,0,0,0,1,0,1,0,1,1,0,1,0,0,1,0,1,0,0,1,0,0,0,1,0,1,0,1,0
750,1,0,1,0,1,0,0,0,0,0,1,0,0,1,1,0,0,1,0,1,1,0,0,1,0,0,0,1,0,1,0,1,0,0,1,0
751,1,1,0,0,0,0,1,0,0,0,0,1,1,0,1,0,1,0,0,1,1,0,0,1,0,0,0,1,1,0,0,1,0,0,1,0
752,1,1,0,0,1,0,0,0,0,0,1,0,0,1,1,0,0,1,1,0,1,0,0,0,1,0,0,1,0,1,0,1,0,0,1,0
753,0,1,0,0,0,0,1,0,0,0,0,1,1,0,1,0,1,0,0,1,1,0,0,1,0,0,1,0,0,1,0,1,0,0,1,0
754,1,0,1,0,0,0,1,0,0,0,0,1,0,1,1,0,0,1,0,1,1,0,0,0,1,1,0,0,0,0,1,1,0,0,1,0
755,0,1,0,0,1,0,0,0,0,0,1,0,0,1,1,0,0,1,0,1,1,0,0,0,1,0,0,1,1,0,0,1,0,0,1,0
756,1,1,0,0,0,1,0,0,0,0,0,1,1,0,1,0,0,1,0,1,1,0,0,0,1,0,1,0,0,1,0,0,1,1,0,0
757,0,1,0,0,0,0,1,0,0,0,0,1,1,0,0,1,0,1,0,1,1,0,0,0,1,0,1,0,0,1,0,1,0,0,1,0
758,1,0,1,1,0,0,0,0,0,0,1,0,0,1,1,0,0,1,0,1,1,0,0,1,0,0,0,1,0,1,0,1,0,0,1,0
759,0,1,0,0,0,0,1,0,0,1,0,0,1,0,1,0,1,0,0,1,1,0,0,1,0,0,0,1,1,0,0,1,0,0,1,0
760,0,1,0,0,0,1,0,0,0,1,0,0,1,0,1,0,1,0,0,1,1,0,0,0,1,0,0,1,0,1,0,1,0,0,1,0
761,0,0,1,0,0,0,1,0,0,0,0,1,1,0,1,0,1,0,0,1,1,0,0,0,1,0,0,1,0,1,0,1,0,0,1,0
762,1,0,1,0,0,0,1,0,0,0,0,1,0,1,0,1,0,1,0,1,0,0,1,0,1,0,0,1,0,0,1,1,0,1,0,0
763,0,0,1,0,0,1,0,0,0,0,0,1,0,1,0,1,0,1,0,1,1,0,0,1,0,0,1,0,0,1,0,1,0,0,1,0
764,1,1,0,0,0,0,1,0,0,0,0,1,0,1,0,1,0,1,0,1,1,0,0,0,1,0,0,1,0,1,0,1,0,1,0,0
765,1,1,0,0,1,0,0,0,0,0,1,0,0,1,1,0,0,1,0,1,1,0,0,1,0,0,1,0,0,1,0,1,0,0,1,0
766,0,0,1,0,0,1,0,0,0,0,1,0,0,1,1,0,0,1,0,1,1,0,0,0,1,0,0,1,1,0,0,1,0,0,1,0
767,1,0,1,0,1,0,0,0,0,0,1,0,0,1,1,0,0,1,0,1,1,0,0,1,0,0,0,1,0,1,0,1,0,0,1,0
768,1,1,0,0,0,1,0,0,0,1,0,0,1,0,0,1,0,1,0,1,1,0,0,0,1,0,0,1,1,0,0,1,0,0,1,0
769,2,0,1,0,0,1,0,0,0,1,0,0,0,1,1,0,0,1,0,1,1,0,0,0,1,0,0,1,0,0,1,1,0,0,1,0
770,1,1,0,0,1,0,0,0,0,0,1,0,0,1,1,0,0,1,0,1,1,0,0,1,0,0,0,1,0,1,0,1,0,0,1,0
771,1,0,1,0,0,0,1,0,0,0,0,1,0,1,1,0,0,1,0,1,1,0,0,0,1,0,0,1,0,0,1,1,0,1,0,0
772,0,0,1,0,0,0,1,0,0,0,0,1,0,1,0,1,1,0,1,0,0,1,0,0,1,1,0,0,0,0,1,0,1,0,0,1
773,0,0,1,0,0,1,0,0,0,1,0,0,0,1,1,0,0,1,1,0,1,0,0,0,1,0,0,1,0,1,0,1,0,0,1,0
774,0,1,0,0,0,0,1,0,0,0,0,1,0,1,0,1,0,1,1,0,0,1,0,0,1,0,1,0,0,0,1,1,0,0,1,0
775,1,0,1,0,0,1,0,0,0,1,0,0,0,1,1,0,0,1,0,1,1,0,0,0,1,0,0,1,0,0,1,1,0,0,1,0
776,1,1,0,0,1,0,0,0,0,0,1,0,0,1,1,0,0,1,0,1,1,0,0,1,0,0,1,0,0,1,0,1,0,0,1,0
777,0,0,1,0,0,0,1,0,0,0,0,1,1,0,1,0,0,1,0,1,1,0,0,0,1,0,0,1,1,0,0,1,0,0,1,0
778,0,0,1,0,0,0,0,0,1,0,1,0,0,1,1,0,0,1,0,1,0,1,0,1,0,0,1,0,0,1,0,1,0,0,1,0
779,1,0,1,1,0,0,0,0,0,0,1,0,0,1,1,0,0,1,0,1,1,0,0,0,1,0,0,1,0,1,0,1,0,0,1,0
780,1,1,0,0,0,0,1,0,0,0,0,1,0,1,0,1,1,0,0,1,1,0,0,0,1,0,0,1,0,0,1,0,1,1,0,0
781,1,0,1,0,1,0,0,0,0,0,1,0,0,1,1,0,0,1,0,1,1,0,0,1,0,0,1,0,0,1,0,1,0,0,1,0
782,0,1,0,0,1,0,0,0,0,0,1,0,0,1,1,0,0,1,0,1,1,0,0,1,0,0,0,1,0,1,0,1,0,0,1,0
783,1,1,0,0,0,0,1,0,0,0,0,1,0,1,0,1,0,1,0,1,1,0,0,0,1,0,0,1,0,1,0,1,0,1,0,0
784,0,1,0,0,0,0,1,0,0,0,0,1,0,1,1,0,1,0,0,1,0,1,0,1,0,0,0,1,0,1,0,0,1,0,1,0
785,1,1,0,0,0,0,1,0,0,0,0,1,0,1,0,1,0,1,0,1,1,0,0,0,1,0,0,1,0,1,0,1,0,1,0,0
786,0,0,1,0,0,1,0,0,0,1,0,0,0,1,1,0,0,1,1,0,1,0,0,0,1,0,0,1,0,1,0,1,0,0,1,0
787,1,0,1,0,0,1,0,0,0,1,0,0,1,0,1,0,1,0,1,0,1,0,0,1,0,0,1,0,0,1,0,1,0,0,1,0
788,2,1,0,0,0,0,0,0,1,0,1,0,0,1,1,0,0,1,0,1,0,0,1,0,1,0,0,1,0,0,1,1,0,0,1,0
789,1,0,1,0,0,0,1,0,0,0,0,1,0,1,1,0,0,1,0,1,1,0,0,0,1,0,0,1,0,0,1,1,0,1,0,0
790,0,0,1,0,0,0,0,1,0,0,0,1,1,0,1,0,1,0,0,1,0,1,0,1,0,0,0,1,0,1,0,1,0,0,1,0
791,1,1,0,0,1,0,0,0,0,0,1,0,0,1,1,0,0,1,0,1,1,0,0,1,0,0,0,1,0,1,0,1,0,0,1,0
792,0,0,1,0,1,0,0,0,0,0,1,0,1,0,1,0,1,0,0,1,1,0,0,1,0,0,1,0,1,0,0,1,0,0,1,0
793,0,0,1,0,1,0,0,0,0,0,1,0,0,1,1,0,1,0,1,0,1,0,0,1,0,0,1,0,1,0,0,1,0,0,1,0
794,0,1,0,0,0,0,1,0,0,0,0,1,1,0,1,0,1,0,1,0,1,0,0,1,0,0,0,1,0,1,0,1,0,0,1,0
795,1,0,1,0,0,1,0,0,0,1,0,0,0,1,1,0,1,0,0,1,1,0,0,1,0,0,1,0,0,1,0,1,0,0,1,0
796,1,1,0,0,0,0,1,0,0,0,0,1,0,1,0,1,0,1,1,0,1,0,0,1,0,0,1,0,0,0,1,0,1,0,1,0
797,1,1,0,0,0,0,1,0,0,0,0,1,1,0,1,0,0,1,0,1,1,0,0,1,0,0,0,1,0,0,1,1,0,0,1,0
798,1,0,1,1,0,0,0,0,0,0,1,0,0,1,1,0,0,1,0,1,1,0,0,1,0,0,0,1,0,1,0,1,0,0,1,0
799,1,0,1,0,0,0,1,0,0,0,0,1,0,1,1,0,0,1,0,1,1,0,0,0,1,0,0,1,0,0,1,1,0,1,0,0
800,1,0,1,0,0,1,0,0,0,0,0,1,0,1,0,1,0,1,0,1,1,0,0,0,1,0,0,1,0,1,0,1,0,1,0,0
801,1,1,0,0,1,0,0,0,0,0,1,0,0,1,1,0,0,1,0,1,1,0,0,0,1,0,0,1,0,1,0,1,0,0,1,0
802,0,1,0,0,1,0,0,0,0,0,1,0,0,1,1,0,0,1,1,0,1,0,0,0,1,0,0,1,0,1,0,1,0,1,0,0
803,1,0,1,1,0,0,0,0,0,0,1,0,0,1,1,0,0,1,0,1,1,0,0,1,0,0,0,1,0,1,0,1,0,0,1,0
804,0,1,0,0,0,0,1,0,0,0,0,1,1,0,1,0,0,1,0,1,1,0,0,1,0,0,1,0,0,1,0,0,1,0,1,0
805,0,1,0,0,0,0,0,0,1,0,1,0,1,0,1,0,1,0,0,1,1,0,0,1,0,0,1,0,1,0,0,1,0,0,1,0
806,1,0,1,0,1,0,0,0,0,0,1,0,1,0,1,0,0,1,0,1,0,0,1,0,1,0,0,1,0,1,0,1,0,0,1,0
807,1,0,1,0,1,0,0,0,0,0,1,0,0,1,1,0,0,1,0,1,1,0,0,1,0,0,0,1,0,1,0,1,0,0,1,0
808,1,1,0,0,0,0,1,0,0,0,0,1,0,1,1,0,0,1,0,1,1,0,0,0,1,0,0,1,0,0,1,1,0,0,0,1
809,1,1,0,0,0,0,1,0,0,0,0,1,0,1,0,1,0,1,0,1,1,0,0,0,1,0,0,1,0,1,0,1,0,1,0,0
810,2,1,0,0,0,0,0,1,0,0,0,1,1,0,0,1,0,1,0,1,0,0,1,0,1,0,0,1,0,1,0,1,0,1,0,0
811,1,0,1,0,0,1,0,0,0,1,0,0,0,1,1,0,0,1,0,1,1,0,0,0,1,0,0,1,0,0,1,1,0,0,1,0
812,1,0,1,0,0,1,0,0,0,1,0,0,0,1,1,0,0,1,1,0,1,0,0,0,1,0,0,1,0,0,1,1,0,0,1,0
813,0,1,0,0,0,0,1,0,0,0,0,1,1,0,0,1,1,0,1,0,1,0,0,1,0,0,1,0,0,1,0,1,0,0,1,0
814,2,1,0,0,1,0,0,0,0,0,1,0,0,1,1,0,0,1,0,1,0,0,1,1,0,0,1,0,0,1,0,1,0,0,1,0
815,0,0,1,0,1,0,0,0,0,0,1,0,1,0,1,0,1,0,0,1,1,0,0,1,0,0,1,0,0,1,0,1,0,0,1,0
816,1,1,0,0,0,1,0,0,0,0,1,0,1,0,1,0,0,1,0,1,0,0,1,1,0,0,0,1,0,1,0,1,0,0,1,0
817,0,1,0,0,1,0,0,0,0,0,1,0,0,1,1,0,0,1,0,1,0,1,0,1,0,0,1,0,0,1,0,1,0,0,1,0
818,0,0,1,0,0,1,0,0,0,1,0,0,1,0,1,0,1,0,0,1,1,0,0,1,0,0,0,1,1,0,0,1,0,0,1,0
819,0,1,0,0,1,0,0,0,0,0,1,0,1,0,1,0,1,0,0,1,0,1,0,1,0,0,1,0,1,0,0,1,0,0,1,0
820,1,0,1,1,0,0,0,0,0,0,1,0,0,1,1,0,0,1,0,1,0,1,0,1,0,0,0,1,0,1,0,1,0,0,1,0
821,1,0,1,0,0,0,0,0,1,0,1,0,0,1,1,0,0,1,0,1,1,0,0,1,0,0,1,0,0,1,0,1,0,0,1,0
822,2,1,0,0,1,0,0,0,0,0,1,0,0,1,1,0,0,1,0,1,1,0,0,1,0,0,0,1,0,1,0,1,0,0,1,0
823,1,1,0,0,0,0,1,0,0,0,0,1,0,1,1,0,0,1,0,1,1,0,0,0,1,0,0,1,0,0,1,1,0,0,0,1
824,0,0,1,0,0,1,0,0,0,0,0,1,0,1,0,1,0,1,0,1,1,0,0,1,0,0,1,0,0,1,0,1,0,0,1,0
825,1,1,0,0,1,0,0,0,0,0,1,0,0,1,0,1,0,1,0,1,1,0,0,1,0,0,1,0,0,1,0,1,0,0,1,0
826,1,1,0,0,0,0,1,0,0,0,0,1,0,1,0,1,0,1,0,1,1,0,0,0,1,0,0,1,0,1,0,1,0,1,0,0
827,1,0,1,0,0,0,1,0,0,0,0,1,0,1,0,1,1,0,1,0,1,0,0,0,1,0,0,1,0,1,0,0,1,1,0,0
828,1,1,0,0,0,0,1,0,0,0,0,1,0,1,0,1,1,0,0,1,1,0,0,0,1,0,0,1,0,0,1,0,1,1,0,0
829,1,1,0,0,0,1,0,0,0,0,1,0,1,0,1,0,0,1,0,1,0,0,1,1,0,0,0,1,0,1,0,1,0,0,1,0
830,0,1,0,0,0,1,0,0,0,1,0,0,1,0,1,0,0,1,1,0,1,0,0,1,0,0,0,1,0,1,0,1,0,0,1,0
831,0,1,0,0,1,0,0,0,0,0,1,0,0,1,1,0,1,0,0,1,1,0,0,1,0,0,1,0,0,1,0,1,0,0,1,0
832,1,1,0,0,1,0,0,0,0,0,1,0,0,1,0,1,0,1,0,1,1,0,0,1,0,0,1,0,0,1,0,1,0,0,1,0
833,1,1,0,0,1,0,0,0,0,0,1,0,0,1,1,0,0,1,0,1,1,0,0,1,0,0,0,1,0,1,0,1,0,0,1,0
834,0,0,1,0,0,0,1,0,0,0,0,1,0,1,0,1,0,1,0,1,1,0,0,0,1,0,1,0,0,0,1,0,1,1,0,0
835,1,1,0,0,1,0,0,0,0,0,1,0,0,1,1,0,0,1,0,1,1,0,0,1,0,0,1,0,0,1,0,1,0,0,1,0
836,1,0,1,1,0,0,0,0,0,0,1,0,0,1,1,0,0,1,0,1,0,1,0,1,0,0,0,1,0,1,0,1,0,0,1,0
837,1,1,0,0,0,1,0,0,0,1,0,0,1,0,1,0,0,1,0,1,1,0,0,0,1,0,0,1,0,0,1,1,0,0,1,0
838,1,1,0,0,0,0,1,0,0,0,0,1,1,0,1,0,1,0,0,1,1,0,0,1,0,0,0,1,0,1,0,1,0,0,1,0
839,0,0,1,0,0,0,0,0,1,0,1,0,0,1,1,0,0,1,0,1,0,1,0,1,0,0,1,0,0,1,0,1,0,0,1,0
840,1,0,1,1,0,0,0,0,0,0,1,0,0,1,1,0,0,1,0,1,1,0,0,0,1,0,0,1,0,1,0,1,0,0,1,0
841,2,0,1,0,0,1,0,0,0,1,0,0,0,1,1,0,0,1,0,1,1,0,0,0,1,0,0,1,0,0,1,1,0,0,1,0
842,0,0,1,0,1,0,0,0,0,0,1,0,0,1,1,0,0,1,0,1,0,1,0,1,0,0,1,0,0,1,0,1,0,0,1,0
843,1,1,0,0,0,1,0,0,0,0,0,1,1,0,1,0,0,1,0,1,1,0,0,0,1,0,1,0,0,1,0,0,1,1,0,0
844,2,1,0,0,1,0,0,0,0,0,1,0,0,1,1,0,0,1,0,1,1,0,0,1,0,0,0,1,0,1,0,1,0,0,1,0
845,1,1,0,0,1,0,0,0,0,0,1,0,0,1,1,0,0,1,0,1,1,0,0,1,0,0,0,1,0,1,0,1,0,0,1,0
846,1,0,1,0,0,0,1,0,0,0,0,1,0,1,1,0,0,1,0,1,1,0,0,0,1,0,0,1,0,0,1,1,0,0,0,1
847,0,0,1,0,0,1,0,0,0,1,0,0,0,1,1,0,1,0,0,1,1,0,0,0,1,0,0,1,0,1,0,1,0,0,1,0
848,2,0,1,0,0,0,0,0,1,0,1,0,0,1,1,0,0,1,0,1,0,1,0,1,0,0,1,0,0,1,0,1,0,0,1,0
849,1,0,1,0,1,0,0,0,0,0,1,0,0,1,0,1,0,1,0,1,1,0,0,1,0,0,1,0,0,1,0,1,0,0,1,0
850,1,0,1,0,1,0,0,0,0,0,1,0,0,1,1,0,0,1,0,1,1,0,0,1,0,0,1,0,0,1,0,1,0,0,1,0
851,0,0,1,0,0,1,0,0,0,1,0,0,1,0,1,0,1,0,1,0,1,0,0,1,0,0,1,0,0,1,0,1,0,0,1,0
852,1,1,0,0,1,0,0,0,0,0,1,0,0,1,1,0,0,1,0,1,1,0,0,1,0,0,1,0,0,1,0,1,0,0,1,0
853,0,0,1,0,1,0,0,0,0,0,1,0,0,1,1,0,0,1,0,1,0,1,0,1,0,0,1,0,0,1,0,1,0,0,1,0
854,0,0,1,0,0,1,0,0,0,0,1,0,1,0,1,0,0,1,0,1,1,0,0,1,0,0,0,1,0,1,0,1,0,0,1,0
855,0,0,1,0,0,0,1,0,0,1,0,0,1,0,1,0,1,0,1,0,1,0,0,1,0,0,0,1,1,0,0,1,0,0,1,0
856,0,0,1,0,1,0,0,0,0,0,1,0,1,0,1,0,0,1,0,1,1,0,0,0,1,0,1,0,0,1,0,1,0,0,1,0
857,1,0,1,0,0,1,0,0,0,1,0,0,1,0,1,0,1,0,1,0,1,0,0,1,0,0,1,0,0,1,0,1,0,0,1,0
858,1,1,0,0,0,0,0,1,0,0,0,1,1,0,1,0,0,1,0,1,1,0,0,0,1,0,0,1,0,1,0,1,0,0,1,0
859,0,0,1,0,0,1,0,0,0,1,0,0,0,1,1,0,0,1,1,0,1,0,0,0,1,0,0,1,0,1,0,1,0,0,1,0
860,0,1,0,0,0,0,1,0,0,0,0,1,0,1,1,0,0,1,0,1,1,0,0,1,0,0,0,1,1,0,0,1,0,0,1,0
861,1,1,0,0,0,0,1,0,0,0,0,1,0,1,1,0,1,0,0,1,1,0,0,0,1,0,0,1,1,0,0,1,0,0,1,0
862,0,0,1,0,0,0,0,1,0,0,0,1,1,0,1,0,1,0,0,1,0,1,0,1,0,0,0,1,0,1,0,1,0,0,1,0
863,0,0,1,0,0,0,0,0,1,0,1,0,1,0,1,0,1,0,0,1,1,0,0,1,0,0,1,0,1,0,0,1,0,0,1,0
864,0,0,1,0,0,0,1,0,0,0,0,1,0,1,1,0,1,0,0,1,1,0,0,0,1,0,0,1,1,0,0,1,0,0,1,0
865,1,0,1,1,0,0,0,0,0,0,1,0,0,1,1,0,0,1,0,1,0,1,0,1,0,0,0,1,0,1,0,1,0,0,1,0
866,0,1,0,0,1,0,0,0,0,0,1,0,0,1,1,0,0,1,0,1,1,0,0,1,0,0,1,0,0,1,0,1,0,0,1,0
867,1,0,1,0,0,1,0,0,0,0,0,1,0,1,0,1,1,0,0,1,1,0,0,1,0,0,1,0,0,0,1,0,1,0,1,0
868,1,0,1,0,1,0,0,0,0,0,1,0,0,1,1,0,0,1,0,1,0,1,0,1,0,0,1,0,0,1,0,1,0,0,1,0
869,1,0,1,0,0,0,0,0,1,0,1,0,0,1,1,0,0,1,0,1,1,0,0,1,0,0,1,0,0,1,0,1,0,0,1,0
870,1,1,0,0,0,1,0,0,0,1,0,0,1,0,1,0,0,1,0,1,1,0,0,0,1,0,0,1,0,0,1,1,0,0,1,0
871,1,1,0,0,0,0,1,0,0,0,0,1,0,1,1,0,0,1,0,1,1,0,0,0,1,0,0,1,0,0,1,1,0,0,0,1
872,1,1,0,0,0,1,0,0,0,0,1,0,1,0,1,0,0,1,0,1,1,0,0,0,1,0,0,1,0,1,0,1,0,0,1,0
873,0,0,1,0,0,1,0,0,0,0,1,0,0,1,1,0,0,1,0,1,0,1,0,1,0,0,1,0,1,0,0,1,0,0,1,0
874,1,0,1,0,0,1,0,0,0,1,0,0,1,0,1,0,0,1,0,1,1,0,0,0,1,0,0,1,0,1,0,1,0,0,1,0
875,1,0,1,0,0,0,1,0,0,0,0,1,0,1,0,1,0,1,0,1,1,0,0,0,1,0,0,1,0,1,0,0,1,0,1,0
876,1,1,0,0,1,0,0,0,0,0,1,0,0,1,1,0,0,1,0,1,1,0,0,1,0,0,1,0,0,1,0,1,0,0,1,0
877,0,0,1,0,0,1,0,0,0,1,0,0,0,1,1,0,1,0,0,1,1,0,0,0,1,0,0,1,0,1,0,1,0,0,1,0
878,0,1,0,0,1,0,0,0,0,0,1,0,0,1,1,0,0,1,0,1,1,0,0,1,0,0,1,0,0,1,0,1,0,0,1,0
879,1,1,0,0,1,0,0,0,0,0,1,0,0,1,1,0,0,1,0,1,1,0,0,1,0,0,0,1,0,1,0,1,0,0,1,0
880,1,0,1,0,0,0,1,0,0,0,0,1,0,1,1,0,0,1,0,1,1,0,0,0,1,0,0,1,0,0,1,1,0,0,0,1
881,0,0,1,0,1,0,0,0,0,0,1,0,1,0,1,0,0,1,0,1,0,0,1,0,1,0,0,1,0,1,0,1,0,0,1,0
882,0,1,0,0,1,0,0,0,0,0,1,0,0,1,1,0,0,1,0,1,1,0,0,1,0,0,1,0,0,1,0,1,0,0,1,0
883,1,0,1,0,1,0,0,0,0,0,1,0,0,1,1,0,0,1,0,1,0,1,0,1,0,0,0,1,0,0,1,1,0,0,1,0
884,1,1,0,0,0,0,1,0,0,0,0,1,0,1,0,1,0,1,0,1,1,0,0,0,1,0,0,1,0,1,0,1,0,1,0,0
885,1,1,0,0,0,1,0,0,0,0,1,0,1,0,1,0,0,1,0,1,0,0,1,1,0,0,0,1,0,1,0,1,0,0,1,0
886,1,0,1,1,0,0,0,0,0,0,1,0,0,1,1,0,0,1,0,1,0,1,0,1,0,0,0,1,0,1,0,1,0,0,1,0
887,1,1,0,0,0,0,1,0,0,0,0,1,0,1,0,1,0,1,1,0,1,0,0,1,0,0,1,0,0,0,1,0,1,0,1,0
888,1,0,1,0,0,1,0,0,0,0,0,1,0,1,0,1,0,1,0,1,1,0,0,0,1,0,0,1,0,1,0,0,1,1,0,0
889,1,1,0,0,0,0,0,1,0,0,0,1,0,1,0,1,1,0,1,0,1,0,0,1,0,0,1,0,0,1,0,1,0,0,1,0
890,1,1,0,0,0,1,0,0,0,0,0,1,1,0,1,0,0,1,0,1,1,0,0,0,1,0,1,0,0,1,0,0,1,1,0,0
891,1,0,1,0,0,1,0,0,0,1,0,0,0,1,1,0,0,1,0,1,1,0,0,0,1,0,0,1,0,1,0,1,0,1,0,0
892,1,0,1,0,1,0,0,0,0,0,1,0,0,1,1,0,0,1,0,1,0,1,0,0,1,0,1,0,0,1,0,1,0,0,1,0
893,1,0,1,0,1,0,0,0,0,0,1,0,0,1,1,0,0,1,0,1,1,0,0,1,0,0,1,0,0,1,0,1,0,0,1,0
894,0,0,1,0,0,0,0,0,1,0,1,0,0,1,1,0,0,1,0,1,0,1,0,1,0,0,1,0,0,1,0,1,0,0,1,0
895,1,0,1,0,0,0,1,0,0,0,0,1,0,1,0,1,1,0,1,0,1,0,0,0,1,0,0,1,0,1,0,0,1,1,0,0
896,0,0,1,0,0,0,1,0,0,0,0,1,0,1,0,1,0,1,1,0,1,0,0,0,1,0,0,1,0,1,0,1,0,0,1,0
897,1,1,0,0,0,1,0,0,0,0,1,0,1,0,1,0,0,1,0,1,0,0,1,1,0,0,0,1,0,1,0,1,0,0,1,0
898,0,1,0,0,0,0,1,0,0,0,0,1,0,1,0,1,0,1,0,1,1,0,0,0,1,0,0,1,0,0,1,1,0,1,0,0
899,1,1,0,0,0,0,1,0,0,0,0,1,0,1,0,1,0,1,0,1,1,0,0,0,1,0,0,1,0,1,0,1,0,1,0,0
900,1,0,1,0,0,1,0,0,0,1,0,0,0,1,1,0,0,1,0,1,1,0,0,0,1,0,0,1,0,1,0,1,0,1,0,0
901,1,1,0,0,0,0,1,0,0,0,0,1,0,1,1,0,1,0,0,1,1,0,0,1,0,0,0,1,0,1,0,0,1,0,1,0
902,0,1,0,0,1,0,0,0,0,0,1,0,0,1,1,0,0,1,0,1,1,0,0,0,1,0,0,1,0,1,0,1,0,0,1,0
903,1,0,1,0,0,1,0,0,0,1,0,0,0,1,1,0,0,1,0,1,1,0,0,1,0,0,1,0,0,1,0,0,1,0,1,0
904,2,1,0,0,1,0,0,0,0,0,1,0,0,1,1,0,0,1,0,1,1,0,0,1,0,0,0,1,0,1,0,1,0,0,1,0
905,2,1,0,0,0,0,0,0,1,0,1,0,0,1,1,0,0,1,0,1,0,0,1,0,1,0,0,1,0,0,1,1,0,0,1,0
906,0,0,1,0,1,0,0,0,0,0,1,0,1,0,1,0,0,1,0,1,1,0,0,0,1,0,1,0,0,1,0,1,0,0,1,0
907,1,0,1,1,0,0,0,0,0,0,1,0,0,1,1,0,0,1,0,1,0,1,0,1,0,0,0,1,0,1,0,1,0,0,1,0
908,1,1,0,0,0,0,0,0,1,0,1,0,0,1,1,0,0,1,0,1,0,0,1,0,1,0,0,1,0,1,0,1,0,0,1,0
909,0,1,0,0,1,0,0,0,0,0,1,0,0,1,1,0,0,1,0,1,1,0,0,0,1,0,0,1,1,0,0,1,0,0,1,0
910,1,0,1,0,1,0,0,0,0,0,1,0,0,1,1,0,0,1,0,1,1,0,0,1,0,0,0,1,0,1,0,1,0,0,1,0
911,0,1,0,0,0,1,0,0,0,0,0,1,1,0,1,0,0,1,0,1,1,0,0,0,1,0,0,1,0,0,1,0,1,1,0,0
912,1,1,0,0,0,0,1,0,0,1,0,0,1,0,0,1,0,1,0,1,1,0,0,1,0,0,0,1,0,1,0,1,0,0,1,0
913,1,0,1,1,0,0,0,0,0,0,1,0,0,1,1,0,0,1,0,1,0,1,0,1,0,0,0,1,0,1,0,1,0,0,1,0
914,0,0,1,0,0,0,0,0,1,0,1,0,0,1,1,0,0,1,0,1,0,1,0,1,0,0,1,0,0,1,0,1,0,0,1,0
915,1,1,0,0,0,0,1,0,0,1,0,0,1,0,0,1,0,1,0,1,1,0,0,1,0,0,0,1,0,1,0,1,0,0,1,0
916,1,0,1,1,0,0,0,0,0,0,1,0,0,1,1,0,0,1,0,1,1,0,0,1,0,0,0,1,0,1,0,1,0,0,1,0
917,1,1,0,0,0,0,0,1,0,0,0,1,1,0,0,1,1,0,0,1,0,1,0,1,0,0,0,1,0,1,0,1,0,0,1,0
918,2,1,0,0,0,0,1,0,0,0,0,1,0,1,0,1,0,1,1,0,0,1,0,0,1,0,0,1,0,1,0,0,1,1,0,0
919,1,1,0,0,1,0,0,0,0,0,1,0,0,1,1,0,0,1,0,1,1,0,0,1,0,0,0,1,0,1,0,1,0,0,1,0
920,1,1,0,0,1,0,0,0,0,0,1,0,0,1,1,0,0,1,0,1,1,0,0,1,0,0,1,0,0,1,0,1,0,0,1,0
921,1,0,1,0,1,0,0,0,0,0,1,0,0,1,1,0,0,1,0,1,1,0,0,1,0,0,1,0,0,1,0,1,0,0,1,0
922,1,1,0,0,0,0,1,0,0,0,0,1,0,1,0,1,0,1,0,1,1,0,0,0,1,0,1,0,0,1,0,1,0,1,0,0
923,0,1,0,0,0,1,0,0,0,1,0,0,1,0,0,1,1,0,0,1,1,0,0,1,0,0,0,1,1,0,0,1,0,0,1,0
924,2,0,1,0,0,0,1,0,0,0,0,1,0,1,1,0,0,1,0,1,1,0,0,0,1,0,1,0,0,1,0,0,1,0,1,0
925,1,0,1,0,0,0,1,0,0,1,0,0,1,0,0,1,0,1,0,1,1,0,0,1,0,0,0,1,0,1,0,1,0,0,1,0
926,0,1,0,0,0,0,1,0,0,0,0,1,1,0,0,1,0,1,0,1,1,0,0,1,0,0,1,0,0,1,0,1,0,0,1,0
927,1,0,1,1,0,0,0,0,0,0,1,0,0,1,1,0,0,1,0,1,0,1,0,1,0,0,0,1,0,1,0,1,0,0,1,0
928,0,1,0,0,0,0,0,0,1,0,1,0,0,1,1,0,0,1,0,1,1,0,0,1,0,0,1,0,0,1,0,1,0,0,1,0
929,1,0,1,0,1,0,0,0,0,0,1,0,1,0,1,0,0,1,0,1,0,0,1,0,1,0,0,1,0,1,0,1,0,0,1,0
930,1,0,1,0,1,0,0,0,0,0,1,0,0,1,0,1,0,1,0,1,1,0,0,1,0,0,1,0,0,1,0,1,0,0,1,0
931,1,1,0,0,1,0,0,0,0,0,1,0,0,1,1,0,0,1,0,1,1,0,0,1,0,0,1,0,0,1,0,1,0,0,1,0
932,0,0,1,0,1,0,0,0,0,0,1,0,0,1,1,0,0,1,0,1,0,1,0,1,0,0,1,0,0,1,0,1,0,0,1,0
933,1,1,0,0,0,0,1,0,0,0,0,1,0,1,0,1,0,1,1,0,0,1,0,0,1,0,1,0,0,0,1,1,0,1,0,0
934,0,1,0,0,0,0,0,0,1,0,1,0,1,0,1,0,1,0,1,0,1,0,0,1,0,1,0,0,1,0,0,1,0,0,1,0
935,1,1,0,0,0,1,0,0,0,1,0,0,1,0,0,1,0,1,0,1,1,0,0,0,1,0,0,1,0,1,0,0,1,0,0,1
936,2,1,0,0,0,0,1,0,0,0,0,1,0,1,1,0,0,1,0,1,0,0,1,0,1,0,0,1,0,0,1,1,0,0,0,1
937,0,0,1,0,1,0,0,0,0,0,1,0,0,1,1,0,0,1,0,1,0,1,0,1,0,0,1,0,0,1,0,1,0,0,1,0
938,1,0,1,0,1,0,0,0,0,0,1,0,0,1,1,0,0,1,0,1,1,0,0,1,0,0,1,0,0,1,0,1,0,0,1,0
939,2,0,1,0,0,0,0,0,1,0,1,0,0,1,1,0,0,1,0,1,0,0,1,0,1,0,0,1,0,1,0,1,0,0,1,0
940,0,1,0,0,1,0,0,0,0,0,1,0,0,1,1,0,0,1,0,1,1,0,0,1,0,0,1,0,0,1,0,1,0,0,1,0
941,0,1,0,0,0,0,1,0,0,0,0,1,1,0,1,0,1,0,0,1,1,0,0,1,0,0,1,0,0,1,0,1,0,0,1,0
942,0,0,1,0,0,1,0,0,0,1,0,0,0,1,1,0,1,0,0,1,1,0,0,0,1,0,0,1,0,1,0,1,0,0,1,0
943,2,1,0,0,1,0,0,0,0,0,1,0,0,1,1,0,0,1,0,1,1,0,0,1,0,0,0,1,0,1,0,1,0,0,1,0
944,1,1,0,0,0,0,1,0,0,0,0,1,0,1,0,1,0,1,0,1,1,0,0,0,1,0,0,1,0,0,1,0,1,1,0,0
945,1,1,0,0,0,1,0,0,0,1,0,0,0,1,1,0,0,1,0,1,1,0,0,0,1,0,0,1,0,1,0,1,0,0,1,0
946,1,1,0,0,0,1,0,0,0,1,0,0,0,1,1,0,0,1,0,1,1,0,0,0,1,0,0,1,0,1,0,1,0,0,1,0
947,1,0,1,1,0,0,0,0,0,0,1,0,0,1,1,0,0,1,0,1,1,0,0,1,0,0,0,1,0,1,0,1,0,0,1,0
948,0,1,0,0,0,1,0,0,0,1,0,0,1,0,1,0,1,0,0,1,1,0,0,0,1,0,0,1,0,1,0,1,0,0,1,0
949,1,1,0,0,0,0,1,0,0,0,0,1,0,1,1,0,1,0,0,1,1,0,0,0,1,0,0,1,1,0,0,1,0,0,1,0
950,0,1,0,0,0,0,1,0,0,0,0,1,0,1,0,1,0,1,1,0,0,1,0,0,1,0,1,0,0,0,1,1,0,0,1,0
951,0,1,0,0,0,0,1,0,0,0,0,1,0,1,0,1,0,1,0,1,1,0,0,0,1,0,0,1,0,0,1,1,0,1,0,0
952,1,1,0,0,0,1,0,0,0,1,0,0,1,0,1,0,0,1,0,1,1,0,0,0,1,0,1,0,0,1,0,0,1,0,1,0
953,1,1,0,0,0,1,0,0,0,0,1,0,1,0,1,0,0,1,0,1,1,0,0,0,1,0,0,1,0,1,0,1,0,0,1,0
954,2,0,1,0,0,0,0,0,1,0,1,0,0,1,1,0,0,1,0,1,1,0,0,0,1,0,1,0,0,1,0,1,0,0,1,0
955,0,1,0,0,1,0,0,0,0,0,1,0,1,0,1,0,1,0,0,1,1,0,0,1,0,0,1,0,1,0,0,1,0,0,1,0
956,2,1,0,0,1,0,0,0,0,0,1,0,0,1,1,0,0,1,0,1,1,0,0,1,0,0,0,1,0,1,0,1,0,0,1,0
957,1,1,0,0,0,0,1,0,0,0,0,1,1,0,1,0,1,0,0,1,1,0,0,1,0,0,0,1,0,1,0,1,0,0,1,0
958,0,1,0,0,0,0,0,0,1,0,1,0,0,1,1,0,0,1,0,1,1,0,0,1,0,0,1,0,0,1,0,1,0,0,1,0
959,1,0,1,0,0,0,1,0,0,0,0,1,0,1,1,0,0,1,0,1,1,0,0,0,1,0,0,1,0,0,1,1,0,0,0,1
960,0,0,1,0,0,1,0,0,0,0,0,1,1,0,1,0,0,1,0,1,1,0,0,0,1,0,0,1,0,1,0,0,1,0,1,0
961,1,1,0,0,0,0,1,0,0,0,0,1,0,1,1,0,0,1,0,1,1,0,0,0,1,0,0,1,0,0,1,1,0,0,0,1
962,2,1,0,0,0,0,1,0,0,0,0,1,0,1,0,1,0,1,0,1,0,0,1,0,1,0,0,1,0,1,0,0,1,1,0,0
963,1,0,1,0,0,0,1,0,0,0,0,1,0,1,1,0,1,0,0,1,1,0,0,0,1,0,0,1,0,1,0,1,0,0,1,0
964,1,0,1,0,0,1,0,0,0,1,0,0,0,1,1,0,0,1,1,0,1,0,0,0,1,0,0,1,0,0,1,1,0,0,1,0
965,1,1,0,0,0,1,0,0,0,1,0,0,1,0,1,0,0,1,0,1,1,0,0,0,1,0,0,1,0,0,1,1,0,0,1,0
966,0,1,0,0,0,0,1,0,0,0,0,1,0,1,1,0,0,1,0,1,1,0,0,1,0,0,0,1,1,0,0,1,0,0,1,0
967,0,1,0,0,0,0,1,0,0,0,0,1,0,1,0,1,0,1,0,1,1,0,0,0,1,0,0,1,0,1,0,1,0,0,1,0
968,1,0,1,1,0,0,0,0,0,0,1,0,0,1,1,0,0,1,0,1,0,1,0,1,0,0,0,1,0,1,0,1,0,0,1,0
969,1,1,0,0,0,0,0,1,0,0,0,1,1,0,0,1,1,0,0,1,0,1,0,1,0,0,0,1,0,1,0,1,0,0,1,0
970,1,0,1,0,1,0,0,0,0,0,1,0,1,0,1,0,0,1,0,1,0,0,1,0,1,0,0,1,0,1,0,1,0,0,1,0
971,0,0,1,0,1,0,0,0,0,0,1,0,0,1,1,0,1,0,1,0,1,0,0,1,0,0,1,0,1,0,0,1,0,0,1,0
972,0,0,1,0,0,0,0,1,0,0,0,1,1,0,1,0,0,1,0,1,1,0,0,0,1,0,0,1,1,0,0,1,0,0,1,0
973,1,1,0,0,0,1,0,0,0,0,1,0,1,0,1,0,0,1,0,1,0,0,1,1,0,0,0,1,0,1,0,1,0,0,1,0
974,0,1,0,0,0,0,1,0,0,0,0,1,1,0,1,0,0,1,0,1,1,0,0,1,0,0,1,0,0,1,0,0,1,0,1,0
975,1,0,1,0,1,0,0,0,0,0,1,0,0,1,1,0,0,1,0,1,1,0,0,1,0,0,0,1,0,1,0,1,0,0,1,0
976,1,1,0,0,0,1,0,0,0,1,0,0,0,1,1,0,0,1,0,1,1,0,0,0,1,0,0,1,0,1,0,1,0,0,1,0
977,0,1,0,0,0,0,0,0,1,0,1,0,1,0,1,0,0,1,0,1,1,0,0,1,0,0,0,1,1,0,0,1,0,0,1,0
978,0,1,0,0,0,0,0,0,1,0,1,0,1,0,1,0,1,0,1,0,1,0,0,1,0,1,0,0,1,0,0,1,0,0,1,0
979,1,0,1,1,0,0,0,0,0,0,1,0,0,1,1,0,0,1,0,1,1,0,0,1,0,0,0,1,0,1,0,1,0,0,1,0
980,1,0,1,0,1,0,0,0,0,0,1,0,0,1,1,0,0,1,0,1,1,0,0,1,0,0,0,1,0,1,0,1,0,0,1,0
981,1,0,1,1,0,0,0,0,0,0,1,0,0,1,1,0,0,1,0,1,1,0,0,1,0,0,0,1,0,1,0,1,0,0,1,0
982,0,1,0,0,0,0,1,0,0,0,0,1,1,0,0,1,1,0,1,0,1,0,0,1,0,0,1,0,0,1,0,1,0,0,1,0
983,1,1,0,0,0,1,0,0,0,1,0,0,1,0,1,0,0,1,0,1,1,0,0,0,1,0,1,0,0,1,0,0,1,0,1,0
984,0,0,1,0,0,0,1,0,0,1,0,0,1,0,1,0,1,0,1,0,1,0,0,1,0,0,1,0,1,0,0,1,0,0,1,0
985,1,1,0,0,1,0,0,0,0,0,1,0,0,1,0,1,0,1,0,1,1,0,0,1,0,0,1,0,0,1,0,1,0,0,1,0
986,1,1,0,0,1,0,0,0,0,0,1,0,0,1,0,1,0,1,0,1,1,0,0,1,0,0,0,1,0,1,0,1,0,0,1,0
987,2,1,0,0,1,0,0,0,0,0,1,0,0,1,1,0,0,1,0,1,1,0,0,1,0,0,0,1,0,1,0,1,0,0,1,0
988,0,1,0,0,0,0,1,0,0,0,0,1,1,0,1,0,0,1,0,1,1,0,0,1,0,0,0,1,1,0,0,1,0,0,1,0
989,0,1,0,0,0,0,0,1,0,0,0,1,1,0,1,0,1,0,0,1,0,1,0,1,0,0,0,1,1,0,0,1,0,0,1,0
990,0,0,1,0,0,0,1,0,0,0,0,1,0,1,1,0,0,1,1,0,0,1,0,0,1,0,0,1,0,0,1,1,0,0,1,0
991,0,1,0,0,1,0,0,0,0,0,1,0,0,1,1,0,0,1,1,0,1,0,0,0,1,0,0,1,0,1,0,1,0,1,0,0
992,0,0,1,0,0,1,0,0,0,1,0,0,1,0,1,0,1,0,0,1,1,0,0,1,0,0,0,1,1,0,0,1,0,0,1,0
993,0,1,0,0,0,1,0,0,0,0,0,1,1,0,1,0,0,1,0,1,1,0,0,0,1,0,0,1,0,0,1,0,1,1,0,0
994,0,1,0,0,1,0,0,0,0,0,1,0,0,1,1,0,0,1,0,1,0,1,0,1,0,0,1,0,0,1,0,1,0,0,1,0
995,2,0,1,0,0,1,0,0,0,0,1,0,1,0,1,0,1,0,0,1,0,0,1,1,0,0,0,1,0,1,0,1,0,0,1,0
996,0,1,0,0,0,0,1,0,0,0,0,1,0,1,1,0,0,1,0,1,1,0,0,1,0,0,0,1,1,0,0,1,0,0,1,0
997,1,0,1,1,0,0,0,0,0,0,1,0,0,1,1,0,0,1,0,1,1,0,0,1,0,0,0,1,0,1,0,1,0,0,1,0
998,0,0,1,0,1,0,0,0,0,0,1,0,1,0,1,0,0,1,0,1,0,0,1,0,1,0,0,1,0,1,0,1,0,0,1,0
999,1,1,0,0,0,1,0,0,0,0,0,1,1,0,1,0,1,0,0,1,0,1,0,1,0,0,0,1,0,1,0,1,0,0,1,0
1000,0,1,0,0,1,0,0,0,0,0,1,0,0,1,1,0,0,1,1,0,0,1,0,0,1,0,0,1,1,0,0,1,0,0,1,0
1001,1,0,1,0,0,1,0,0,0,1,0,0,0,1,1,0,1,0,1,0,1,0,0,0,1,0,0,1,0,0,1,1,0,0,1,0
1002,1,1,0,0,0,0,1,0,0,0,0,1,0,1,0,1,0,1,1,0,0,1,0,1,0,0,1,0,0,1,0,0,1,0,1,0
1003,1,0,1,0,1,0,0,0,0,0,1,0,0,1,1,0,0,1,0,1,1,0,0,1,0,0,0,1,0,1,0,1,0,0,1,0
1004,1,1,0,0,1,0,0,0,0,0,1,0,0,1,1,0,0,1,0,1,1,0,0,1,0,0,0,1,0,1,0,1,0,0,1,0
1005,1,1,0,0,1,0,0,0,0,0,1,0,0,1,0,1,0,1,0,1,1,0,0,1,0,0,1,0,0,1,0,1,0,0,1,0
1006,1,0,1,0,0,0,1,0,0,0,0,1,0,1,1,0,0,1,0,1,0,0,1,0,1,0,0,1,0,0,1,1,0,1,0,0
1007,1,0,1,0,0,0,1,0,0,0,0,1,0,1,1,0,0,1,1,0,1,0,0,1,0,0,0,1,0,1,0,0,1,0,1,0
1008,1,0,1,1,0,0,0,0,0,0,1,0,0,1,1,0,0,1,0,1,0,1,0,1,0,0,0,1,0,1,0,1,0,0,1,0
1009,0,1,0,0,1,0,0,0,0,0,1,0,0,1,1,0,0,1,1,0,0,1,0,0,1,0,0,1,1,0,0,1,0,0,1,0
1010,1,1,0,0,0,0,1,0,0,0,0,1,0,1,0,1,0,1,0,1,1,0,0,0,1,0,0,1,0,0,1,0,1,1,0,0
1011,1,0,1,0,1,0,0,0,0,0,1,0,0,1,0,1,0,1,0,1,1,0,0,1,0,0,1,0,0,1,0,1,0,0,1,0
1012,0,0,1,0,0,0,1,0,0,0,0,1,1,0,1,0,1,0,0,1,1,0,0,1,0,1,0,0,0,1,0,1,0,0,1,0
1013,0,0,1,0,0,0,0,1,0,0,0,1,1,0,1,0,0,1,0,1,1,0,0,0,1,0,0,1,0,1,0,1,0,0,1,0
1014,0,0,1,0,0,1,0,0,0,1,0,0,1,0,1,0,1,0,0,1,1,0,0,1,0,0,0,1,1,0,0,1,0,0,1,0
1015,1,1,0,0,0,1,0,0,0,1,0,0,0,1,1,0,0,1,0,1,1,0,0,0,1,0,0,1,0,1,0,1,0,0,1,0
1016,0,1,0,0,0,1,0,0,0,1,0,0,1,0,1,0,1,0,1,0,1,0,0,1,0,0,1,0,0,1,0,1,0,0,1,0
1017,1,0,1,1,0,0,0,0,0,0,1,0,0,1,1,0,0,1,0,1,1,0,0,1,0,0,0,1,0,1,0,1,0,0,1,0
1018,0,0,1,0,0,1,0,0,0,1,0,0,1,0,1,0,1,0,0,1,1,0,0,1,0,0,0,1,1,0,0,1,0,0,1,0
1019,1,1,0,0,1,0,0,0,0,0,1,0,0,1,1,0,0,1,0,1,0,0,1,1,0,0,1,0,0,1,0,1,0,0,1,0
1020,1,1,0,0,0,0,1,0,0,0,0,1,0,1,1,0,0,1,0,1,1,0,0,0,1,0,0,1,0,0,1,1,0,0,0,1
1021,1,1,0,0,0,0,1,0,0,0,0,1,0,1,0,1,1,0,0,1,1,0,0,1,0,0,1,0,0,1,0,0,1,1,0,0
1022,1,0,1,0,1,0,0,0,0,0,1,0,0,1,1,0,0,1,0,1,1,0,0,1,0,0,0,1,0,0,1,1,0,0,1,0
1023,0,1,0,0,0,0,1,0,0,0,0,1,1,0,1,0,0,1,0,1,1,0,0,1,0,0,0,1,1,0,0,1,0,0,1,0
1024,1,1,0,0,0,0,1,0,0,0,0,1,0,1,0,1,0,1,0,1,1,0,0,0,1,0,0,1,0,1,0,1,0,1,0,0
1025,2,1,0,0,0,0,0,1,0,0,0,1,1,0,1,0,1,0,0,1,1,0,0,1,0,0,0,1,0,1,0,1,0,0,1,0
1026,0,1,0,0,1,0,0,0,0,0,1,0,0,1,1,0,0,1,1,0,1,0,0,0,1,0,0,1,0,1,0,1,0,1,0,0
1027,0,0,1,0,0,1,0,0,0,0,1,0,0,1,1,0,0,1,0,1,1,0,0,1,0,0,0,1,1,0,0,1,0,0,1,0
1028,0,0,1,0,0,1,0,0,0,1,0,0,1,0,1,0,1,0,1,0,1,0,0,1,0,0,1,0,0,1,0,1,0,0,1,0
1029,1,0,1,0,0,1,0,0,0,1,0,0,0,1,1,0,0,1,0,1,1,0,0,0,1,0,0,1,0,0,1,1,0,0,1,0
1030,0,0,1,0,1,0,0,0,0,0,1,0,1,0,1,0,0,1,0,1,1,0,0,0,1,0,1,0,0,1,0,1,0,0,1,0
1031,2,0,1,0,0,0,0,0,1,0,1,0,0,1,1,0,0,1,0,1,1,0,0,0,1,0,1,0,0,1,0,1,0,0,1,0
1032,0,0,1,0,0,1,0,0,0,1,0,0,0,1,1,0,1,0,0,1,1,0,0,0,1,0,0,1,0,1,0,1,0,0,1,0
1033,2,1,0,0,1,0,0,0,0,0,1,0,0,1,1,0,0,1,0,1,1,0,0,1,0,0,0,1,0,1,0,1,0,0,1,0
1034,1,0,1,0,0,0,1,0,0,0,0,1,0,1,0,1,0,1,0,1,0,0,1,0,1,0,0,1,0,0,1,1,0,1,0,0
1035,0,0,1,0,0,0,1,0,0,0,0,1,0,1,1,0,1,0,0,1,1,0,0,0,1,0,0,1,1,0,0,1,0,0,1,0
1036,0,1,0,1,0,0,0,0,0,0,1,0,0,1,1,0,0,1,0,1,1,0,0,0,1,0,0,1,0,1,0,1,0,0,1,0
1037,1,1,0,0,0,0,1,0,0,0,0,1,0,1,0,1,0,1,0,1,1,0,0,0,1,0,0,1,0,1,0,0,1,0,1,0
1038,0,0,1,0,0,1,0,0,0,1,0,0,1,0,1,0,0,1,0,1,1,0,0,1,0,0,1,0,0,1,0,1,0,0,1,0
1039,2,0,1,0,1,0,0,0,0,0,1,0,0,1,1,0,0,1,0,1,0,0,1,0,1,0,1,0,0,1,0,1,0,0,1,0
1040,0,1,0,0,1,0,0,0,0,0,1,0,0,1,1,0,0,1,1,0,0,1,0,0,1,0,0,1,1,0,0,1,0,0,1,0
1041,1,0,1,0,0,0,1,0,0,0,0,1,0,1,1,0,0,1,0,1,1,0,0,0,1,0,0,1,0,0,1,1,0,0,0,1
1042,1,1,0,0,0,0,1,0,0,0,0,1,0,1,1,0,0,1,1,0,1,0,0,1,0,0,1,0,0,1,0,0,1,0,1,0
1043,0,1,0,0,0,0,1,0,0,0,0,1,1,0,0,1,1,0,1,0,1,0,0,1,0,0,1,0,0,1,0,1,0,0,1,0
1044,1,0,1,0,0,1,0,0,0,1,0,0,0,1,1,0,0,1,1,0,1,0,0,0,1,0,0,1,0,0,1,1,0,0,1,0
1045,0,1,0,0,0,0,1,0,0,0,0,1,1,0,0,1,0,1,0,1,1,0,0,1,0,0,1,0,0,1,0,1,0,1,0,0
1046,1,1,0,0,0,0,1,0,0,0,0,1,0,1,1,0,0,1,0,1,1,0,0,0,1,0,0,1,0,0,1,1,0,0,0,1
1047,1,0,1,1,0,0,0,0,0,0,1,0,0,1,1,0,0,1,0,1,1,0,0,1,0,0,0,1,0,1,0,1,0,0,1,0
1048,1,1,0,0,1,0,0,0,0,0,1,0,0,1,1,0,0,1,0,1,1,0,0,1,0,0,0,1,0,1,0,1,0,0,1,0
1049,1,0,1,0,1,0,0,0,0,0,1,0,0,1,1,0,0,1,0,1,0,1,0,1,0,0,1,0,0,1,0,1,0,0,1,0
1050,1,0,1,0,1,0,0,0,0,0,1,0,0,1,1,0,0,1,0,1,1,0,0,1,0,0,0,1,0,1,0,1,0,0,1,0
1051,1,1,0,0,0,0,1,0,0,0,0,1,0,1,0,1,0,1,0,1,1,0,0,0,1,0,1,0,0,1,0,0,1,0,1,0
1052,1,0,1,0,1,0,0,0,0,0,1,0,1,0,1,0,0,1,0,1,0,0,1,0,1,0,0,1,0,1,0,1,0,0,1,0
1053,0,1,0,0,1,0,0,0,0,0,1,0,0,1,1,0,0,1,1,0,0,1,0,0,1,0,0,1,1,0,0,1,0,0,1,0
1054,0,1,0,1,0,0,0,0,0,0,1,0,1,0,1,0,1,0,0,1,1,0,0,1,0,0,0,1,1,0,0,1,0,0,1,0
1055,0,0,1,0,1,0,0,0,0,0,1,0,1,0,1,0,1,0,0,1,1,0,0,1,0,0,1,0,0,1,0,1,0,0,1,0
1056,1,0,1,0,0,0,1,0,0,0,0,1,0,1,1,0,0,1,0,1,0,0,1,0,1,0,0,1,0,0,1,1,0,0,0,1
1057,0,1,0,0,0,1,0,0,0,1,0,0,1,0,1,0,0,1,0,1,1,0,0,0,1,0,0,1,0,1,0,1,0,0,1,0
1058,1,0,1,0,0,0,1,0,0,0,0,1,0,1,0,1,0,1,0,1,0,0,1,0,1,0,0,1,0,0,1,1,0,1,0,0
1059,0,1,0,0,1,0,0,0,0,0,1,0,0,1,1,0,0,1,1,0,0,1,0,0,1,0,0,1,1,0,0,1,0,0,1,0
1060,0,1,0,0,0,0,0,1,0,0,0,1,1,0,1,0,1,0,0,1,0,1,0,1,0,0,0,1,1,0,0,1,0,0,1,0
1061,1,1,0,0,0,0,1,0,0,0,0,1,0,1,0,1,1,0,0,1,1,0,0,1,0,0,1,0,0,1,0,0,1,1,0,0
1062,1,1,0,0,0,0,1,0,0,0,0,1,0,1,0,1,0,1,0,1,1,0,0,0,1,0,1,0,0,1,0,1,0,1,0,0
1063,1,0,1,0,0,1,0,0,0,1,0,0,0,1,1,0,0,1,0,1,1,0,0,0,1,0,0,1,0,1,0,1,0,1,0,0
1064,1,1,0,0,1,0,0,0,0,0,1,0,0,1,1,0,0,1,0,1,1,0,0,1,0,0,1,0,0,1,0,1,0,0,1,0
1065,2,1,0,0,0,0,0,1,0,0,0,1,1,0,0,1,0,1,0,1,0,0,1,0,1,0,0,1,0,1,0,1,0,1,0,0
1066,0,1,0,0,1,0,0,0,0,0,1,0,1,0,1,0,1,0,0,1,1,0,0,1,0,0,1,0,1,0,0,1,0,0,1,0
1067,0,1,0,0,0,0,1,0,0,0,0,1,1,0,1,0,1,0,1,0,1,0,0,0,1,0,0,1,1,0,0,1,0,0,1,0
1068,1,1,0,0,0,0,1,0,0,0,0,1,0,1,0,1,0,1,1,0,1,0,0,1,0,0,1,0,0,0,1,0,1,0,1,0
1069,1,0,1,0,0,0,1,0,0,0,0,1,0,1,0,1,0,1,0,1,1,0,0,0,1,0,1,0,0,0,1,0,1,0,1,0
1070,1,0,1,0,0,1,0,0,0,0,0,1,0,1,0,1,0,1,0,1,1,0,0,0,1,0,0,1,0,1,0,1,0,1,0,0
1071,2,1,0,0,1,0,0,0,0,0,1,0,0,1,1,0,0,1,0,1,1,0,0,1,0,0,0,1,0,1,0,1,0,0,1,0
1072,2,1,0,0,1,0,0,0,0,0,1,0,1,0,1,0,0,1,0,1,1,0,0,0,1,0,0,1,0,1,0,1,0,0,1,0
1073,0,0,1,0,0,0,1,0,0,0,0,1,1,0,1,0,0,1,0,1,1,0,0,0,1,0,1,0,1,0,0,0,1,0,1,0
1074,1,0,1,0,1,0,0,0,0,0,1,0,0,1,0,1,0,1,0,1,1,0,0,1,0,0,1,0,0,1,0,1,0,0,1,0
1075,0,1,0,0,0,0,1,0,0,0,0,1,0,1,0,1,0,1,1,0,1,0,0,0,1,0,0,1,0,0,1,0,1,1,0,0
1076,2,1,0,0,1,0,0,0,0,0,1,0,0,1,1,0,0,1,0,1,1,0,0,1,0,0,0,1,0,1,0,1,0,0,1,0
1077,1,1,0,0,0,1,0,0,0,1,0,0,1,0,1,0,0,1,1,0,1,0,0,1,0,0,0,1,0,1,0,1,0,0,1,0
1078,1,0,1,0,1,0,0,0,0,0,1,0,0,1,1,0,0,1,0,1,1,0,0,1,0,0,1,0,0,1,0,1,0,0,1,0
1079,0,1,0,0,0,1,0,0,0,1,0,0,1,0,1,0,1,0,1,0,0,1,0,1,0,1,0,0,0,1,0,1,0,0,1,0
1080,0,0,1,0,0,1,0,0,0,1,0,0,0,1,1,0,1,0,0,1,1,0,0,1,0,0,1,0,0,0,1,0,1,0,1,0
1081,1,1,0,0,0,1,0,0,0,1,0,0,1,0,1,0,0,1,0,1,1,0,0,0,1,0,0,1,0,0,1,1,0,0,1,0
1082,1,1,0,0,0,0,1,0,0,0,0,1,0,1,1,0,1,0,0,1,1,0,0,0,1,0,0,1,1,0,0,1,0,0,1,0
1083,1,1,0,0,1,0,0,0,0,0,1,0,0,1,1,0,0,1,0,1,1,0,0,1,0,0,0,1,0,1,0,1,0,0,1,0
1084,1,0,1,0,0,1,0,0,0,0,0,1,0,1,0,1,1,0,1,0,0,1,0,1,0,0,1,0,0,1,0,0,1,0,1,0
1085,1,1,0,0,0,0,0,0,1,0,1,0,0,1,1,0,0,1,0,1,0,0,1,0,1,0,0,1,0,1,0,1,0,0,1,0
1086,0,1,0,0,0,1,0,0,0,1,0,0,1,0,0,1,1,0,0,1,1,0,0,1,0,0,0,1,1,0,0,1,0,0,1,0
1087,1,1,0,0,0,0,1,0,0,0,0,1,0,1,0,1,0,1,0,1,1,0,0,1,0,0,0,1,0,1,0,1,0,0,1,0
1088,0,1,0,0,0,0,1,0,0,0,0,1,1,0,1,0,0,1,0,1,1,0,0,1,0,0,0,1,1,0,0,1,0,0,1,0
1089,0,0,1,0,0,1,0,0,0,1,0,0,1,0,1,0,1,0,1,0,1,0,0,1,0,0,1,0,0,1,0,1,0,0,1,0
1090,1,1,0,0,1,0,0,0,0,0,1,0,0,1,1,0,0,1,0,1,1,0,0,1,0,0,1,0,0,1,0,1,0,0,1,0
1091,0,1,0,0,1,0,0,0,0,0,1,0,0,1,1,0,0,1,0,1,0,1,0,1,0,0,1,0,0,1,0,1,0,0,1,0
1092,0,0,1,0,0,1,0,0,0,1,0,0,0,1,1,0,1,0,0,1,1,0,0,1,0,0,1,0,0,0,1,0,1,0,1,0
1093,1,1,0,0,0,1,0,0,0,0,1,0,1,0,1,0,0,1,0,1,1,0,0,0,1,0,0,1,0,1,0,1,0,0,1,0
1094,0,0,1,0,0,1,0,0,0,1,0,0,0,1,1,0,1,0,0,1,1,0,0,1,0,0,0,1,0,1,0,1,0,0,1,0
1095,2,0,1,0,0,0,1,0,0,0,0,1,0,1,0,1,0,1,0,1,0,0,1,0,1,0,0,1,0,0,1,1,0,1,0,0
1096,1,0,1,0,0,0,1,0,0,0,0,1,0,1,0,1,0,1,1,0,1,0,0,0,1,0,1,0,0,0,1,0,1,0,1,0
1097,0,1,0,0,0,0,1,0,0,0,0,1,0,1,0,1,0,1,0,1,0,0,1,0,1,0,0,1,0,0,1,1,0,0,1,0
1098,1,0,1,0,0,1,0,0,0,1,0,0,0,1,1,0,1,0,1,0,1,0,0,0,1,0,0,1,0,0,1,1,0,0,1,0
1099,1,0,1,0,1,0,0,0,0,0,1,0,0,1,1,0,0,1,0,1,0,1,0,0,1,0,1,0,0,1,0,1,0,0,1,0
1100,0,1,0,0,1,0,0,0,0,0,1,0,0,1,1,0,0,1,1,0,0,1,0,0,1,0,0,1,1,0,0,1,0,0,1,0
1101,1,0,1,0,1,0,0,0,0,0,1,0,0,1,1,0,0,1,0,1,1,0,0,1,0,0,0,1,0,1,0,1,0,0,1,0
1102,1,0,1,0,0,1,0,0,0,1,0,0,1,0,1,0,0,1,0,1,1,0,0,0,1,0,0,1,0,1,0,1,0,0,1,0
1103,1,0,1,0,1,0,0,0,0,0,1,0,0,1,0,1,0,1,0,1,1,0,0,1,0,0,1,0,0,1,0,1,0,0,1,0
1104,1,1,0,0,1,0,0,0,0,0,1,0,0,1,1,0,0,1,0,1,0,0,1,1,0,0,1,0,0,1,0,1,0,0,1,0
1105,1,1,0,0,0,1,0,0,0,0,1,0,1,0,1,0,1,0,0,1,1,0,0,0,1,0,0,1,0,1,0,1,0,0,1,0
1106,2,0,1,0,0,0,0,0,1,0,1,0,0,1,1,0,0,1,0,1,1,0,0,0,1,0,1,0,0,1,0,1,0,0,1,0
1107,1,0,1,0,1,0,0,0,0,0,1,0,0,1,1,0,0,1,0,1,0,1,0,1,0,0,1,0,0,1,0,1,0,0,1,0
1108,0,1,0,0,0,0,0,0,1,0,1,0,0,1,1,0,0,1,0,1,1,0,0,1,0,0,1,0,0,1,0,1,0,0,1,0
1109,1,1,0,0,1,0,0,0,0,0,1,0,0,1,1,0,0,1,0,1,0,1,0,1,0,0,0,1,0,0,1,1,0,0,1,0
1110,1,1,0,0,0,1,0,0,0,1,0,0,1,0,1,0,0,1,0,1,1,0,0,0,1,0,1,0,0,1,0,0,1,0,1,0
1111,1,1,0,0,0,1,0,0,0,1,0,0,1,0,1,0,1,0,1,0,0,1,0,1,0,0,1,0,0,1,0,1,0,0,1,0
1112,0,1,0,0,1,0,0,0,0,0,1,0,0,1,1,0,1,0,0,1,1,0,0,1,0,0,1,0,0,1,0,1,0,0,1,0
1113,0,1,0,0,1,0,0,0,0,0,1,0,0,1,1,0,0,1,0,1,0,1,0,1,0,0,1,0,0,1,0,1,0,0,1,0
1114,2,0,1,0,1,0,0,0,0,0,1,0,0,1,1,0,0,1,0,1,0,0,1,0,1,0,1,0,0,1,0,1,0,0,1,0
1115,0,0,1,0,1,0,0,0,0,0,1,0,0,1,1,0,0,1,0,1,0,1,0,1,0,0,1,0,0,1,0,1,0,0,1,0
1116,1,1,0,0,0,1,0,0,0,1,0,0,1,0,1,0,0,1,1,0,1,0,0,1,0,0,0,1,0,1,0,1,0,0,1,0
1117,1,0,1,0,0,0,1,0,0,0,0,1,1,0,1,0,0,1,0,1,1,0,0,1,0,0,0,1,0,1,0,0,1,0,1,0
1118,1,0,1,0,0,1,0,0,0,1,0,0,0,1,1,0,1,0,1,0,1,0,0,0,1,0,0,1,0,0,1,1,0,0,1,0
1119,1,0,1,0,1,0,0,0,0,0,1,0,0,1,0,1,0,1,0,1,1,0,0,1,0,0,1,0,0,1,0,1,0,0,1,0
1120,1,0,1,0,1,0,0,0,0,0,1,0,0,1,1,0,0,1,0,1,1,0,0,1,0,0,0,1,0,1,0,1,0,0,1,0
1121,1,1,0,0,1,0,0,0,0,0,1,0,0,1,1,0,0,1,0,1,1,0,0,1,0,0,0,1,0,1,0,1,0,0,1,0
1122,1,1,0,0,0,1,0,0,0,0,1,0,1,0,1,0,0,1,0,1,1,0,0,0,1,0,0,1,0,1,0,1,0,0,1,0
1123,1,1,0,0,0,1,0,0,0,1,0,0,1,0,0,1,0,1,0,1,1,0,0,0,1,0,0,1,0,1,0,0,1,0,0,1
1124,0,1,0,0,0,0,1,0,0,0,0,1,0,1,0,1,1,0,1,0,1,0,0,1,0,0,1,0,0,0,1,1,0,1,0,0
1125,1,0,1,0,1,0,0,0,0,0,1,0,1,0,1,0,0,1,0,1,0,0,1,0,1,0,0,1,0,1,0,1,0,0,1,0
1126,0,1,0,0,0,0,1,0,0,0,0,1,0,1,0,1,1,0,1,0,1,0,0,1,0,0,1,0,0,0,1,1,0,1,0,0
1127,0,1,0,0,0,0,0,0,1,0,1,0,1,0,1,0,0,1,0,1,1,0,0,1,0,0,0,1,1,0,0,1,0,0,1,0
1128,1,1,0,0,1,0,0,0,0,0,1,0,0,1,1,0,0,1,0,1,1,0,0,0,1,0,0,1,0,1,0,1,0,0,1,0
1129,1,1,0,0,1,0,0,0,0,0,1,0,0,1,1,0,0,1,0,1,0,1,0,1,0,0,1,0,0,1,0,1,0,0,1,0
1130,0,1,0,0,1,0,0,0,0,0,1,0,0,1,1,0,0,1,1,0,0,1,0,0,1,0,0,1,0,1,0,1,0,0,1,0
1131,0,0,1,0,0,1,0,0,0,1,0,0,0,1,1,0,0,1,0,1,1,0,0,0,1,0,0,1,0,1,0,1,0,0,1,0
1132,1,1,0,0,0,1,0,0,0,1,0,0,1,0,1,0,0,1,0,1,1,0,0,1,0,0,1,0,0,1,0,1,0,0,1,0
1133,1,0,1,0,1,0,0,0,0,0,1,0,0,1,1,0,0,1,0,1,1,0,0,1,0,0,0,1,0,1,0,1,0,0,1,0
1134,0,0,1,0,0,1,0,0,0,1,0,0,0,1,1,0,0,1,1,0,1,0,0,0,1,0,0,1,0,1,0,1,0,0,1,0
1135,1,0,1,0,0,1,0,0,0,0,0,1,0,1,0,1,0,1,0,1,1,0,0,0,1,0,0,1,0,1,0,1,0,1,0,0
1136,1,0,1,0,0,0,1,0,0,0,0,1,0,1,1,0,0,1,0,1,1,0,0,0,1,0,0,1,0,0,1,1,0,1,0,0
1137,1,0,1,0,0,0,1,0,0,0,0,1,0,1,1,0,1,0,0,1,1,0,0,0,1,0,0,1,0,1,0,1,0,0,1,0
1138,1,0,1,0,0,0,1,0,0,0,0,1,0,1,0,1,1,0,0,1,1,0,0,1,0,0,1,0,0,1,0,0,1,0,1,0
1139,0,1,0,0,0,0,1,0,0,0,0,1,1,0,1,0,0,1,0,1,1,0,0,0,1,0,0,1,1,0,0,1,0,0,1,0
1140,1,0,1,0,0,0,1,0,0,0,0,1,0,1,0,1,1,0,0,1,1,0,0,1,0,0,1,0,0,1,0,0,1,0,1,0
1141,2,1,0,0,1,0,0,0,0,0,1,0,0,1,1,0,0,1,0,1,0,0,1,1,0,0,1,0,0,1,0,1,0,0,1,0
1142,0,0,1,0,0,1,0,0,0,0,1,0,1,0,1,0,0,1,0,1,1,0,0,1,0,0,0,1,0,1,0,1,0,0,1,0
1143,0,0,1,0,0,1,0,0,0,1,0,0,0,1,1,0,1,0,0,1,1,0,0,1,0,0,1,0,0,0,1,0,1,0,1,0
1144,0,1,0,0,0,1,0,0,0,1,0,0,1,0,1,0,1,0,0,1,1,0,0,0,1,0,0,1,0,1,0,1,0,0,1,0
1145,1,1,0,0,0,1,0,0,0,1,0,0,1,0,0,1,0,1,0,1,1,0,0,0,1,0,0,1,0,1,0,0,1,0,0,1
1146,1,1,0,0,0,0,1,0,0,0,0,1,0,1,1,0,0,1,0,1,1,0,0,0,1,0,0,1,0,0,1,1,0,1,0,0
1147,1,0,1,0,1,0,0,0,0,0,1,0,0,1,1,0,0,1,0,1,1,0,0,1,0,0,0,1,0,1,0,1,0,0,1,0
1148,1,1,0,0,0,1,0,0,0,1,0,0,1,0,1,0,0,1,1,0,1,0,0,1,0,0,0,1,0,1,0,1,0,0,1,0
1149,0,0,1,0,0,1,0,0,0,1,0,0,0,1,1,0,1,0,0,1,1,0,0,1,0,0,1,0,0,1,0,0,1,0,1,0
1150,0,0,1,0,0,1,0,0,0,1,0,0,1,0,1,0,1,0,0,1,1,0,0,1,0,0,0,1,0,1,0,1,0,0,1,0
1151,0,0,1,0,1,0,0,0,0,0,1,0,1,0,1,0,0,1,0,1,1,0,0,0,1,0,0,1,0,1,0,1,0,0,1,0
1152,1,0,1,1,0,0,0,0,0,0,1,0,0,1,1,0,0,1,0,1,1,0,0,1,0,0,0,1,0,1,0,1,0,0,1,0
1153,1,0,1,0,1,0,0,0,0,0,1,0,0,1,0,1,0,1,0,1,1,0,0,1,0,0,0,1,0,1,0,1,0,0,1,0
1154,0,1,0,0,0,0,1,0,0,0,0,1,0,1,0,1,1,0,1,0,1,0,0,1,0,0,1,0,0,0,1,1,0,1,0,0
1155,1,0,1,1,0,0,0,0,0,0,1,0,0,1,1,0,0,1,0,1,0,1,0,1,0,0,0,1,0,1,0,1,0,0,1,0
1156,1,1,0,0,0,1,0,0,0,1,0,0,1,0,0,1,0,1,0,1,1,0,0,0,1,0,0,1,1,0,0,1,0,0,1,0
1157,2,1,0,0,0,0,0,1,0,0,0,1,1,0,0,1,0,1,0,1,0,0,1,0,1,0,0,1,0,1,0,1,0,1,0,0
1158,0,0,1,0,0,0,1,0,0,0,0,1,1,0,1,0,1,0,0,1,1,0,0,1,0,1,0,0,0,1,0,1,0,0,1,0
1159,1,1,0,0,1,0,0,0,0,0,1,0,0,1,1,0,0,1,0,1,0,1,0,1,0,0,1,0,0,1,0,1,0,0,1,0
1160,1,1,0,0,0,0,1,0,0,0,0,1,0,1,0,1,1,0,1,0,1,0,0,1,0,0,1,0,0,1,0,0,1,0,1,0
1161,0,0,1,0,1,0,0,0,0,0,1,0,1,0,1,0,1,0,0,1,1,0,0,1,0,0,1,0,0,1,0,1,0,0,1,0
1162,1,0,1,0,0,1,0,0,0,0,0,1,0,1,0,1,1,0,1,0,0,1,0,1,0,0,1,0,0,1,0,0,1,0,1,0
1163,1,1,0,0,1,0,0,0,0,0,1,0,0,1,1,0,0,1,0,1,1,0,0,1,0,0,0,1,0,0,1,1,0,0,1,0
1164,1,1,0,0,1,0,0,0,0,0,1,0,0,1,1,0,0,1,0,1,1,0,0,1,0,0,0,1,0,0,1,1,0,0,1,0
1165,1,1,0,0,0,0,1,0,0,0,0,1,0,1,0,1,1,0,1,0,1,0,0,1,0,0,1,0,0,1,0,0,1,0,1,0
1166,1,0,1,0,1,0,0,0,0,0,1,0,0,1,1,0,0,1,0,1,1,0,0,0,1,0,0,1,0,1,0,1,0,1,0,0
1167,0,0,1,0,0,0,1,0,0,0,0,1,1,0,1,0,0,1,0,1,1,0,0,1,0,0,0,1,0,1,0,1,0,0,1,0
1168,1,1,0,0,0,0,1,0,0,0,0,1,0,1,0,1,1,0,0,1,1,0,0,0,1,0,0,1,0,0,1,0,1,1,0,0
1169,0,0,1,0,0,1,0,0,0,1,0,0,0,1,1,0,1,0,0,1,1,0,0,1,0,0,1,0,0,0,1,0,1,0,1,0
1170,1,1,0,0,0,0,1,0,0,0,0,1,0,1,0,1,1,0,1,0,0,1,0,1,0,0,1,0,0,0,1,0,1,0,1,0
1171,2,1,0,0,0,0,0,1,0,0,0,1,1,0,0,1,0,1,0,1,0,0,1,0,1,0,0,1,0,1,0,1,0,0,1,0
1172,0,1,0,0,0,0,1,0,0,0,0,1,1,0,1,0,1,0,1,0,1,0,0,1,0,0,0,1,0,1,0,1,0,0,1,0
1173,0,0,1,0,0,1,0,0,0,1,0,0,1,0,1,0,1,0,0,1,1,0,0,1,0,0,0,1,0,1,0,1,0,0,1,0
1174,1,1,0,0,0,0,1,0,0,0,0,1,1,0,1,0,0,1,0,1,1,0,0,1,0,0,0,1,0,0,1,1,0,0,1,0
1175,0,0,1,0,1,0,0,0,0,0,1,0,0,1,1,0,0,1,0,1,0,1,0,1,0,0,1,0,0,1,0,1,0,0,1,0
1176,2,1,0,0,0,0,0,1,0,0,0,1,1,0,0,1,0,1,0,1,0,0,1,0,1,0,0,1,0,1,0,1,0,1,0,0
1177,0,1,0,0,0,0,0,0,1,0,1,0,1,0,1,0,1,0,0,1,1,0,0,1,0,0,1,0,1,0,0,1,0,0,1,0
1178,1,1,0,0,1,0,0,0,0,0,1,0,0,1,1,0,0,1,0,1,1,0,0,1,0,0,0,1,0,1,0,1,0,0,1,0
1179,2,0,1,0,1,0,0,0,0,0,1,0,0,1,1,0,0,1,0,1,0,0,1,0,1,0,1,0,0,1,0,1,0,0,1,0
1180,0,1,0,1,0,0,0,0,0,0,1,0,1,0,1,0,1,0,0,1,1,0,0,1,0,0,0,1,1,0,0,1,0,0,1,0
1181,0,1,0,0,0,1,0,0,0,1,0,0,1,0,0,1,0,1,0,1,1,0,0,1,0,0,0,1,0,1,0,0,1,0,1,0
1182,1,1,0,0,0,0,1,0,0,0,0,1,0,1,0,1,1,0,0,1,1,0,0,1,0,0,1,0,0,1,0,0,1,1,0,0
1183,0,0,1,0,0,1,0,0,0,1,0,0,1,0,1,0,1,0,1,0,0,1,0,1,0,0,0,1,1,0,0,1,0,0,1,0
1184,1,1,0,0,1,0,0,0,0,0,1,0,0,1,1,0,0,1,0,1,1,0,0,1,0,0,1,0,0,1,0,1,0,0,1,0
1185,0,0,1,0,1,0,0,0,0,0,1,0,0,1,1,0,0,1,0,1,0,1,0,1,0,0,1,0,0,1,0,1,0,0,1,0
1186,1,1,0,0,1,0,0,0,0,0,1,0,0,1,1,0,0,1,0,1,1,0,0,1,0,0,1,0,0,1,0,1,0,0,1,0
1187,0,0,1,0,0,1,0,0,0,1,0,0,0,1,1,0,1,0,0,1,1,0,0,0,1,0,0,1,0,1,0,1,0,0,1,0
1188,1,1,0,0,0,0,0,0,1,0,1,0,0,1,1,0,0,1,0,1,0,0,1,0,1,0,0,1,0,1,0,1,0,0,1,0
1189,0,0,1,0,0,0,1,0,0,0,0,1,0,1,0,1,0,1,1,0,1,0,0,0,1,0,0,1,0,1,0,1,0,0,1,0
1190,1,1,0,0,0,0,0,1,0,0,0,1,0,1,0,1,0,1,0,1,1,0,0,0,1,0,1,0,0,1,0,0,1,0,1,0
1191,1,1,0,0,1,0,0,0,0,0,1,0,0,1,1,0,0,1,0,1,1,0,0,1,0,0,1,0,0,1,0,1,0,0,1,0
1192,0,1,0,0,0,1,0,0,0,1,0,0,1,0,1,0,1,0,0,1,1,0,0,0,1,0,0,1,0,1,0,1,0,0,1,0
1193,2,1,0,0,0,0,1,0,0,0,0,1,0,1,0,1,0,1,1,0,0,1,0,0,1,0,0,1,0,1,0,0,1,1,0,0
1194,0,1,0,0,1,0,0,0,0,0,1,0,0,1,1,0,1,0,0,1,1,0,0,1,0,0,1,0,0,1,0,1,0,0,1,0
1195,2,1,0,0,0,0,1,0,0,0,0,1,0,1,0,1,0,1,1,0,0,1,0,0,1,0,0,1,0,1,0,0,1,1,0,0
1196,0,1,0,0,0,1,0,0,0,1,0,0,1,0,1,0,1,0,1,0,1,0,0,1,0,0,1,0,0,1,0,1,0,0,1,0
1197,1,1,0,0,0,0,1,0,0,0,0,1,0,1,0,1,0,1,0,1,1,0,0,1,0,0,0,1,0,0,1,1,0,1,0,0
1198,0,1,0,0,0,1,0,0,0,1,0,0,1,0,0,1,1,0,0,1,1,0,0,1,0,0,0,1,1,0,0,1,0,0,1,0
1199,0,1,0,0,0,0,1,0,0,0,0,1,0,1,0,1,0,1,0,1,1,0,0,0,1,0,0,1,0,0,1,1,0,1,0,0
